venue,pair,snapshot_at_utc,trade_id,side,price,size_base,notional_quote,exchange_time_raw,normalized_time_utc
Coinbase Exchange,BTC-USD,2026-05-21T12:07:05Z,1021972191,buy,77122.08000000,0.00000012,0.009254649600,2026-05-21T12:07:04.316493Z,2026-05-21T12:07:04.316493Z
Coinbase Exchange,BTC-USD,2026-05-21T12:07:05Z,1021972190,buy,77122.09000000,0.00006548,5.049954453200,2026-05-21T12:07:04.277685Z,2026-05-21T12:07:04.277685Z
Coinbase Exchange,BTC-USD,2026-05-21T12:07:05Z,1021972189,buy,77122.09000000,0.00000002,0.001542441800,2026-05-21T12:07:03.766977Z,2026-05-21T12:07:03.766977Z
Coinbase Exchange,BTC-USD,2026-05-21T12:07:05Z,1021972188,buy,77122.09000000,0.00000040,0.030848836000,2026-05-21T12:07:03.039925Z,2026-05-21T12:07:03.039925Z
Coinbase Exchange,BTC-USD,2026-05-21T12:07:05Z,1021972187,sell,77122.10000000,0.00128384,99.012436864000,2026-05-21T12:07:02.985904Z,2026-05-21T12:07:02.985904Z
Coinbase Exchange,BTC-USD,2026-05-21T12:07:05Z,1021972186,buy,77122.09000000,0.00009825,7.577245342500,2026-05-21T12:07:02.973288Z,2026-05-21T12:07:02.973288Z
Coinbase Exchange,BTC-USD,2026-05-21T12:07:05Z,1021972185,buy,77122.08000000,0.00000012,0.009254649600,2026-05-21T12:07:02.541862Z,2026-05-21T12:07:02.541862Z
Coinbase Exchange,BTC-USD,2026-05-21T12:07:05Z,1021972184,buy,77122.04000000,0.00000026,0.020051730400,2026-05-21T12:07:02.520977Z,2026-05-21T12:07:02.520977Z
Coinbase Exchange,BTC-USD,2026-05-21T12:07:05Z,1021972183,sell,77124.30000000,0.00059677,46.025468511000,2026-05-21T12:07:02.387426Z,2026-05-21T12:07:02.387426Z
Coinbase Exchange,BTC-USD,2026-05-21T12:07:05Z,1021972182,sell,77123.81000000,0.00064841,50.007849642100,2026-05-21T12:07:02.387426Z,2026-05-21T12:07:02.387426Z
Coinbase Exchange,BTC-USD,2026-05-21T12:07:05Z,1021972181,sell,77121.36000000,0.00001500,1.156820400000,2026-05-21T12:07:02.387426Z,2026-05-21T12:07:02.387426Z
Coinbase Exchange,BTC-USD,2026-05-21T12:07:05Z,1021972180,sell,77112.92000000,0.00064839,49.999246198800,2026-05-21T12:07:02.263044Z,2026-05-21T12:07:02.263044Z
Coinbase Exchange,BTC-USD,2026-05-21T12:07:05Z,1021972179,sell,77112.92000000,0.00128300,98.935876360000,2026-05-21T12:07:02.263044Z,2026-05-21T12:07:02.263044Z
Coinbase Exchange,BTC-USD,2026-05-21T12:07:05Z,1021972178,sell,77112.92000000,0.00041900,32.310313480000,2026-05-21T12:07:02.263044Z,2026-05-21T12:07:02.263044Z
Coinbase Exchange,BTC-USD,2026-05-21T12:07:05Z,1021972177,sell,77112.92000000,0.00093200,71.869241440000,2026-05-21T12:07:02.263044Z,2026-05-21T12:07:02.263044Z
Coinbase Exchange,BTC-USD,2026-05-21T12:07:05Z,1021972176,sell,77112.92000000,0.00210206,162.095984615200,2026-05-21T12:07:02.263044Z,2026-05-21T12:07:02.263044Z
Coinbase Exchange,BTC-USD,2026-05-21T12:07:05Z,1021972175,sell,77112.92000000,0.00971763,749.354824779600,2026-05-21T12:07:02.262641Z,2026-05-21T12:07:02.262641Z
Coinbase Exchange,BTC-USD,2026-05-21T12:07:05Z,1021972174,sell,77112.92000000,0.01160703,895.051975827600,2026-05-21T12:07:02.262590Z,2026-05-21T12:07:02.262590Z
Coinbase Exchange,BTC-USD,2026-05-21T12:07:05Z,1021972173,sell,77112.92000000,0.25740594,19849.323658744801,2026-05-21T12:07:02.259244Z,2026-05-21T12:07:02.259244Z
Coinbase Exchange,BTC-USD,2026-05-21T12:07:05Z,1021972172,sell,77112.92000000,0.09311739,7180.553845678799,2026-05-21T12:07:02.258601Z,2026-05-21T12:07:02.258601Z
Coinbase Exchange,BTC-USD,2026-05-21T12:07:05Z,1021972171,sell,77112.92000000,0.12310000,9492.600452000001,2026-05-21T12:07:02.258555Z,2026-05-21T12:07:02.258555Z
Coinbase Exchange,BTC-USD,2026-05-21T12:07:05Z,1021972170,sell,77112.92000000,0.00031506,24.295196575200,2026-05-21T12:07:02.234133Z,2026-05-21T12:07:02.234133Z
Coinbase Exchange,BTC-USD,2026-05-21T12:07:05Z,1021972169,buy,77112.91000000,0.00027096,20.894514093600,2026-05-21T12:07:02.098750Z,2026-05-21T12:07:02.098750Z
Coinbase Exchange,BTC-USD,2026-05-21T12:07:05Z,1021972168,buy,77112.91000000,0.00000003,0.002313387300,2026-05-21T12:07:01.394458Z,2026-05-21T12:07:01.394458Z
Coinbase Exchange,BTC-USD,2026-05-21T12:07:05Z,1021972167,buy,77112.91000000,0.00000012,0.009253549200,2026-05-21T12:07:00.568883Z,2026-05-21T12:07:00.568883Z
Coinbase Exchange,BTC-USD,2026-05-21T12:07:05Z,1021972166,buy,77112.91000000,0.00000003,0.002313387300,2026-05-21T12:07:00.407470Z,2026-05-21T12:07:00.407470Z
Coinbase Exchange,BTC-USD,2026-05-21T12:07:05Z,1021972165,sell,77112.92000000,0.00128381,98.998337825200,2026-05-21T12:06:59.977064Z,2026-05-21T12:06:59.977064Z
Coinbase Exchange,BTC-USD,2026-05-21T12:07:05Z,1021972164,sell,77112.92000000,0.00041901,32.311084609200,2026-05-21T12:06:59.649924Z,2026-05-21T12:06:59.649924Z
Coinbase Exchange,BTC-USD,2026-05-21T12:07:05Z,1021972163,sell,77112.25000000,0.00003034,2.339585665000,2026-05-21T12:06:59.649924Z,2026-05-21T12:06:59.649924Z
Coinbase Exchange,BTC-USD,2026-05-21T12:07:05Z,1021972162,sell,77112.25000000,0.00001284,0.990121290000,2026-05-21T12:06:59.190086Z,2026-05-21T12:06:59.190086Z
Coinbase Exchange,BTC-USD,2026-05-21T12:07:05Z,1021972161,sell,77112.25000000,0.00000026,0.020049185000,2026-05-21T12:06:59.127446Z,2026-05-21T12:06:59.127446Z
Coinbase Exchange,BTC-USD,2026-05-21T12:07:05Z,1021972160,buy,77112.24000000,0.00000004,0.003084489600,2026-05-21T12:06:58.276808Z,2026-05-21T12:06:58.276808Z
Coinbase Exchange,BTC-USD,2026-05-21T12:07:05Z,1021972159,sell,77112.25000000,0.00060497,46.650597882500,2026-05-21T12:06:57.934400Z,2026-05-21T12:06:57.934400Z
Coinbase Exchange,BTC-USD,2026-05-21T12:07:05Z,1021972158,buy,77112.24000000,0.00000003,0.002313367200,2026-05-21T12:06:57.416933Z,2026-05-21T12:06:57.416933Z
Coinbase Exchange,BTC-USD,2026-05-21T12:07:05Z,1021972157,sell,77111.61000000,0.00000026,0.020049018600,2026-05-21T12:06:57.346557Z,2026-05-21T12:06:57.346557Z
Coinbase Exchange,BTC-USD,2026-05-21T12:07:05Z,1021972156,sell,77111.61000000,0.34896600,26909.330095260000,2026-05-21T12:06:56.476577Z,2026-05-21T12:06:56.476577Z
Coinbase Exchange,BTC-USD,2026-05-21T12:07:05Z,1021972155,sell,77111.61000000,0.35234705,27170.048304250500,2026-05-21T12:06:56.448008Z,2026-05-21T12:06:56.448008Z
Coinbase Exchange,BTC-USD,2026-05-21T12:07:05Z,1021972154,sell,77111.61000000,0.00645576,497.814047373600,2026-05-21T12:06:56.448008Z,2026-05-21T12:06:56.448008Z
Coinbase Exchange,BTC-USD,2026-05-21T12:07:05Z,1021972153,sell,77111.61000000,0.00458319,353.417159835900,2026-05-21T12:06:56.448008Z,2026-05-21T12:06:56.448008Z
Coinbase Exchange,BTC-USD,2026-05-21T12:07:05Z,1021972152,buy,77111.60000000,0.00000010,0.007711160000,2026-05-21T12:06:56.402632Z,2026-05-21T12:06:56.402632Z
Coinbase Exchange,BTC-USD,2026-05-21T12:07:05Z,1021972151,sell,77111.61000000,0.00024585,18.957889318500,2026-05-21T12:06:55.767120Z,2026-05-21T12:06:55.767120Z
Coinbase Exchange,BTC-USD,2026-05-21T12:07:05Z,1021972150,buy,77111.60000000,0.00000003,0.002313348000,2026-05-21T12:06:55.394071Z,2026-05-21T12:06:55.394071Z
Coinbase Exchange,BTC-USD,2026-05-21T12:07:05Z,1021972149,buy,77111.60000000,0.00203880,157.215130080000,2026-05-21T12:06:54.244807Z,2026-05-21T12:06:54.244807Z
Coinbase Exchange,BTC-USD,2026-05-21T12:07:05Z,1021972148,buy,77111.60000000,0.00008144,6.279968704000,2026-05-21T12:06:54.244807Z,2026-05-21T12:06:54.244807Z
Coinbase Exchange,BTC-USD,2026-05-21T12:07:05Z,1021972147,buy,77111.60000000,0.00001709,1.317837244000,2026-05-21T12:06:54.244807Z,2026-05-21T12:06:54.244807Z
Coinbase Exchange,BTC-USD,2026-05-21T12:07:05Z,1021972146,buy,77111.60000000,0.00022259,17.164271044000,2026-05-21T12:06:54.244807Z,2026-05-21T12:06:54.244807Z
Coinbase Exchange,BTC-USD,2026-05-21T12:07:05Z,1021972145,sell,77111.61000000,0.00024598,18.967913827800,2026-05-21T12:06:53.706845Z,2026-05-21T12:06:53.706845Z
Coinbase Exchange,BTC-USD,2026-05-21T12:07:05Z,1021972144,buy,77111.60000000,0.00000011,0.008482276000,2026-05-21T12:06:53.691634Z,2026-05-21T12:06:53.691634Z
Coinbase Exchange,BTC-USD,2026-05-21T12:07:05Z,1021972143,sell,77111.61000000,0.00061497,47.421326801700,2026-05-21T12:06:53.093730Z,2026-05-21T12:06:53.093730Z
Coinbase Exchange,BTC-USD,2026-05-21T12:07:05Z,1021972142,buy,77111.60000000,0.00000002,0.001542232000,2026-05-21T12:06:52.603559Z,2026-05-21T12:06:52.603559Z
Coinbase Exchange,BTC-USD,2026-05-21T12:07:05Z,1021972141,sell,77111.61000000,0.00025000,19.277902500000,2026-05-21T12:06:52.482525Z,2026-05-21T12:06:52.482525Z
Coinbase Exchange,BTC-USD,2026-05-21T12:07:05Z,1021972140,buy,77111.60000000,0.00000004,0.003084464000,2026-05-21T12:06:51.527027Z,2026-05-21T12:06:51.527027Z
Coinbase Exchange,BTC-USD,2026-05-21T12:07:05Z,1021972139,buy,77111.60000000,0.00000016,0.012337856000,2026-05-21T12:06:50.396578Z,2026-05-21T12:06:50.396578Z
Coinbase Exchange,BTC-USD,2026-05-21T12:07:05Z,1021972138,sell,77111.61000000,0.00031503,24.292470498300,2026-05-21T12:06:50.201681Z,2026-05-21T12:06:50.201681Z
Coinbase Exchange,BTC-USD,2026-05-21T12:07:05Z,1021972137,sell,77111.61000000,0.00012837,9.898817375700,2026-05-21T12:06:49.362231Z,2026-05-21T12:06:49.362231Z
Coinbase Exchange,BTC-USD,2026-05-21T12:07:05Z,1021972136,buy,77111.60000000,0.00648761,500.269987276000,2026-05-21T12:06:49.314492Z,2026-05-21T12:06:49.314492Z
Coinbase Exchange,BTC-USD,2026-05-21T12:07:05Z,1021972135,buy,77111.60000000,0.00000014,0.010795624000,2026-05-21T12:06:49.252737Z,2026-05-21T12:06:49.252737Z
Coinbase Exchange,BTC-USD,2026-05-21T12:07:05Z,1021972134,sell,77111.61000000,0.00063009,48.587254344900,2026-05-21T12:06:49.217046Z,2026-05-21T12:06:49.217046Z
Coinbase Exchange,BTC-USD,2026-05-21T12:07:05Z,1021972133,sell,77111.61000000,0.00214228,165.194659870800,2026-05-21T12:06:49.028973Z,2026-05-21T12:06:49.028973Z
Coinbase Exchange,BTC-USD,2026-05-21T12:07:05Z,1021972132,sell,77111.61000000,0.01745543,1346.016310542300,2026-05-21T12:06:48.582937Z,2026-05-21T12:06:48.582937Z
Coinbase Exchange,BTC-USD,2026-05-21T12:07:05Z,1021972131,sell,77111.61000000,0.00067737,52.233091265700,2026-05-21T12:06:48.582937Z,2026-05-21T12:06:48.582937Z
Coinbase Exchange,BTC-USD,2026-05-21T12:07:05Z,1021972130,sell,77111.61000000,0.00017330,13.363442013000,2026-05-21T12:06:48.242956Z,2026-05-21T12:06:48.242956Z
Coinbase Exchange,BTC-USD,2026-05-21T12:07:05Z,1021972129,sell,77111.61000000,0.00025201,19.432896836100,2026-05-21T12:06:48.237729Z,2026-05-21T12:06:48.237729Z
Coinbase Exchange,BTC-USD,2026-05-21T12:07:05Z,1021972128,sell,77111.61000000,0.00002568,1.980226144800,2026-05-21T12:06:48.204676Z,2026-05-21T12:06:48.204676Z
Coinbase Exchange,BTC-USD,2026-05-21T12:07:05Z,1021972127,sell,77111.61000000,0.00031503,24.292470498300,2026-05-21T12:06:48.048968Z,2026-05-21T12:06:48.048968Z
Coinbase Exchange,BTC-USD,2026-05-21T12:07:05Z,1021972126,buy,77111.60000000,0.00000006,0.004626696000,2026-05-21T12:06:47.969214Z,2026-05-21T12:06:47.969214Z
Coinbase Exchange,BTC-USD,2026-05-21T12:07:05Z,1021972125,sell,77111.61000000,0.00001605,1.237641340500,2026-05-21T12:06:47.940468Z,2026-05-21T12:06:47.940468Z
Coinbase Exchange,BTC-USD,2026-05-21T12:07:05Z,1021972124,sell,77111.61000000,0.00000963,0.742584804300,2026-05-21T12:06:47.506289Z,2026-05-21T12:06:47.506289Z
Coinbase Exchange,BTC-USD,2026-05-21T12:07:05Z,1021972123,sell,77111.61000000,0.00006149,4.741592898900,2026-05-21T12:06:47.342564Z,2026-05-21T12:06:47.342564Z
Coinbase Exchange,BTC-USD,2026-05-21T12:07:05Z,1021972122,sell,77111.61000000,0.00006149,4.741592898900,2026-05-21T12:06:47.066871Z,2026-05-21T12:06:47.066871Z
Coinbase Exchange,BTC-USD,2026-05-21T12:07:05Z,1021972121,sell,77111.61000000,0.00031501,24.290928266100,2026-05-21T12:06:47.011363Z,2026-05-21T12:06:47.011363Z
Coinbase Exchange,BTC-USD,2026-05-21T12:07:05Z,1021972120,sell,77111.61000000,0.00025199,19.431354603900,2026-05-21T12:06:46.980080Z,2026-05-21T12:06:46.980080Z
Coinbase Exchange,BTC-USD,2026-05-21T12:07:05Z,1021972119,sell,77111.61000000,0.00025199,19.431354603900,2026-05-21T12:06:46.972331Z,2026-05-21T12:06:46.972331Z
Coinbase Exchange,BTC-USD,2026-05-21T12:07:05Z,1021972118,sell,77111.61000000,0.00006419,4.949794245900,2026-05-21T12:06:46.931739Z,2026-05-21T12:06:46.931739Z
Coinbase Exchange,BTC-USD,2026-05-21T12:07:05Z,1021972117,buy,77111.60000000,0.00000006,0.004626696000,2026-05-21T12:06:46.882232Z,2026-05-21T12:06:46.882232Z
Coinbase Exchange,BTC-USD,2026-05-21T12:07:05Z,1021972116,sell,77111.61000000,0.00031501,24.290928266100,2026-05-21T12:06:46.749083Z,2026-05-21T12:06:46.749083Z
Coinbase Exchange,BTC-USD,2026-05-21T12:07:05Z,1021972115,sell,77111.61000000,0.00315046,242.937042840600,2026-05-21T12:06:46.333357Z,2026-05-21T12:06:46.333357Z
Coinbase Exchange,BTC-USD,2026-05-21T12:07:05Z,1021972114,sell,77111.61000000,0.00256761,197.992540952100,2026-05-21T12:06:46.106925Z,2026-05-21T12:06:46.106925Z
Coinbase Exchange,BTC-USD,2026-05-21T12:07:05Z,1021972113,sell,77111.61000000,0.00006098,4.702265977800,2026-05-21T12:06:45.562603Z,2026-05-21T12:06:45.562603Z
Coinbase Exchange,BTC-USD,2026-05-21T12:07:05Z,1021972112,sell,77111.61000000,0.00368647,284.269636916700,2026-05-21T12:06:44.498458Z,2026-05-21T12:06:44.498458Z
Coinbase Exchange,BTC-USD,2026-05-21T12:07:05Z,1021972111,buy,77113.62000000,0.00002103,1.621699428600,2026-05-21T12:06:44.013085Z,2026-05-21T12:06:44.013085Z
Coinbase Exchange,BTC-USD,2026-05-21T12:07:05Z,1021972110,buy,77113.62000000,0.00001500,1.156704300000,2026-05-21T12:06:44.013085Z,2026-05-21T12:06:44.013085Z
Coinbase Exchange,BTC-USD,2026-05-21T12:07:05Z,1021972109,buy,77113.64000000,0.00009777,7.539400582800,2026-05-21T12:06:44.013085Z,2026-05-21T12:06:44.013085Z
Coinbase Exchange,BTC-USD,2026-05-21T12:07:05Z,1021972108,buy,77113.65000000,0.00008934,6.889333491000,2026-05-21T12:06:44.013085Z,2026-05-21T12:06:44.013085Z
Coinbase Exchange,BTC-USD,2026-05-21T12:07:05Z,1021972107,sell,77113.82000000,0.00006303,4.860484074600,2026-05-21T12:06:43.029350Z,2026-05-21T12:06:43.029350Z
Coinbase Exchange,BTC-USD,2026-05-21T12:07:05Z,1021972106,sell,77114.53000000,0.00032919,25.385332130700,2026-05-21T12:06:42.855524Z,2026-05-21T12:06:42.855524Z
Coinbase Exchange,BTC-USD,2026-05-21T12:07:05Z,1021972105,sell,77113.66000000,0.01200000,925.363920000000,2026-05-21T12:06:42.855524Z,2026-05-21T12:06:42.855524Z
Coinbase Exchange,BTC-USD,2026-05-21T12:07:05Z,1021972104,sell,77114.47000000,0.00848361,654.209088836700,2026-05-21T12:06:41.856813Z,2026-05-21T12:06:41.856813Z
Coinbase Exchange,BTC-USD,2026-05-21T12:07:05Z,1021972103,sell,77114.46000000,0.01225576,945.096314289600,2026-05-21T12:06:41.856813Z,2026-05-21T12:06:41.856813Z
Coinbase Exchange,BTC-USD,2026-05-21T12:07:05Z,1021972102,sell,77114.51000000,0.00081159,62.585365170900,2026-05-21T12:06:40.890891Z,2026-05-21T12:06:40.890891Z
Coinbase Exchange,BTC-USD,2026-05-21T12:07:05Z,1021972101,sell,77114.50000000,0.00437303,337.224021935000,2026-05-21T12:06:40.890891Z,2026-05-21T12:06:40.890891Z
Coinbase Exchange,BTC-USD,2026-05-21T12:07:05Z,1021972100,sell,77114.50000000,0.00818273,631.007132585000,2026-05-21T12:06:40.832393Z,2026-05-21T12:06:40.832393Z
Coinbase Exchange,BTC-USD,2026-05-21T12:07:05Z,1021972099,sell,77114.48000000,0.01255576,968.230903404800,2026-05-21T12:06:40.832393Z,2026-05-21T12:06:40.832393Z
Coinbase Exchange,BTC-USD,2026-05-21T12:07:05Z,1021972098,sell,77118.58000000,0.00009538,7.355570160400,2026-05-21T12:06:40.365612Z,2026-05-21T12:06:40.365612Z
Coinbase Exchange,BTC-USD,2026-05-21T12:07:05Z,1021972097,sell,77118.57000000,0.00018677,14.403435318900,2026-05-21T12:06:40.365612Z,2026-05-21T12:06:40.365612Z
Coinbase Exchange,BTC-USD,2026-05-21T12:07:05Z,1021972096,sell,77118.09000000,0.00002646,2.040544661400,2026-05-21T12:06:39.946518Z,2026-05-21T12:06:39.946518Z
Coinbase Exchange,BTC-USD,2026-05-21T12:07:05Z,1021972095,sell,77118.09000000,0.00037354,28.806691338600,2026-05-21T12:06:39.946518Z,2026-05-21T12:06:39.946518Z
Coinbase Exchange,BTC-USD,2026-05-21T12:07:05Z,1021972094,sell,77118.58000000,0.00109659,84.567463642200,2026-05-21T12:06:39.719160Z,2026-05-21T12:06:39.719160Z
Coinbase Exchange,BTC-USD,2026-05-21T12:07:05Z,1021972093,sell,77116.35000000,0.00074708,57.612082758000,2026-05-21T12:06:39.719160Z,2026-05-21T12:06:39.719160Z
Coinbase Exchange,BTC-USD,2026-05-21T12:07:05Z,1021972092,buy,77116.35000000,0.00127992,98.702758692000,2026-05-21T12:06:39.682791Z,2026-05-21T12:06:39.682791Z
Coinbase Exchange,ETH-USD,2026-05-21T12:07:05Z,809108010,buy,2111.86000000,0.90690076,1915.247439013600,2026-05-21T12:07:07.561708Z,2026-05-21T12:07:07.561708Z
Coinbase Exchange,ETH-USD,2026-05-21T12:07:05Z,809108009,buy,2111.86000000,0.09360619,197.683168413400,2026-05-21T12:07:07.561708Z,2026-05-21T12:07:07.561708Z
Coinbase Exchange,ETH-USD,2026-05-21T12:07:05Z,809108008,buy,2111.86000000,0.99939381,2110.579811586600,2026-05-21T12:07:07.534620Z,2026-05-21T12:07:07.534620Z
Coinbase Exchange,ETH-USD,2026-05-21T12:07:05Z,809108007,buy,2111.86000000,0.00111314,2.350795840400,2026-05-21T12:07:07.534620Z,2026-05-21T12:07:07.534620Z
Coinbase Exchange,ETH-USD,2026-05-21T12:07:05Z,809108006,buy,2111.86000000,1.00050695,2112.930607427000,2026-05-21T12:07:07.518706Z,2026-05-21T12:07:07.518706Z
Coinbase Exchange,ETH-USD,2026-05-21T12:07:05Z,809108005,sell,2111.87000000,0.01087491,22.966396181700,2026-05-21T12:07:04.972560Z,2026-05-21T12:07:04.972560Z
Coinbase Exchange,ETH-USD,2026-05-21T12:07:05Z,809108004,sell,2111.87000000,0.02180300,46.045101610000,2026-05-21T12:07:04.183847Z,2026-05-21T12:07:04.183847Z
Coinbase Exchange,ETH-USD,2026-05-21T12:07:05Z,809108003,sell,2111.87000000,0.13707429,289.483080822300,2026-05-21T12:07:02.262588Z,2026-05-21T12:07:02.262588Z
Coinbase Exchange,ETH-USD,2026-05-21T12:07:05Z,809108002,sell,2111.87000000,0.19986458,422.088010564600,2026-05-21T12:07:02.262588Z,2026-05-21T12:07:02.262588Z
Coinbase Exchange,ETH-USD,2026-05-21T12:07:05Z,809108001,sell,2111.85000000,0.69023814,1457.679415959000,2026-05-21T12:07:02.262588Z,2026-05-21T12:07:02.262588Z
Coinbase Exchange,ETH-USD,2026-05-21T12:07:05Z,809108000,sell,2111.81000000,0.18918902,399.531264326200,2026-05-21T12:07:02.262588Z,2026-05-21T12:07:02.262588Z
Coinbase Exchange,ETH-USD,2026-05-21T12:07:05Z,809107999,sell,2111.82000000,0.19995138,422.261323311600,2026-05-21T12:07:02.258514Z,2026-05-21T12:07:02.258514Z
Coinbase Exchange,ETH-USD,2026-05-21T12:07:05Z,809107998,sell,2111.81000000,0.19981548,421.972328818800,2026-05-21T12:07:02.258514Z,2026-05-21T12:07:02.258514Z
Coinbase Exchange,ETH-USD,2026-05-21T12:07:05Z,809107997,sell,2111.81000000,1.00010148,2112.024306478800,2026-05-21T12:07:02.258514Z,2026-05-21T12:07:02.258514Z
Coinbase Exchange,ETH-USD,2026-05-21T12:07:05Z,809107996,sell,2111.81000000,0.00000938,0.019808777800,2026-05-21T12:06:59.332381Z,2026-05-21T12:06:59.332381Z
Coinbase Exchange,ETH-USD,2026-05-21T12:07:05Z,809107995,sell,2111.81000000,0.00010000,0.211181000000,2026-05-21T12:06:58.993325Z,2026-05-21T12:06:58.993325Z
Coinbase Exchange,ETH-USD,2026-05-21T12:07:05Z,809107994,buy,2111.56000000,0.00000473,0.009987678800,2026-05-21T12:06:52.416763Z,2026-05-21T12:06:52.416763Z
Coinbase Exchange,ETH-USD,2026-05-21T12:07:05Z,809107993,sell,2111.57000000,0.46883435,989.976548429500,2026-05-21T12:06:52.169353Z,2026-05-21T12:06:52.169353Z
Coinbase Exchange,ETH-USD,2026-05-21T12:07:05Z,809107992,sell,2111.57000000,0.00937496,19.795884287200,2026-05-21T12:06:51.631814Z,2026-05-21T12:06:51.631814Z
Coinbase Exchange,ETH-USD,2026-05-21T12:07:05Z,809107991,sell,2111.57000000,0.09470840,199.983416188000,2026-05-21T12:06:51.337254Z,2026-05-21T12:06:51.337254Z
Coinbase Exchange,ETH-USD,2026-05-21T12:07:05Z,809107990,sell,2111.57000000,0.00010000,0.211157000000,2026-05-21T12:06:50.892418Z,2026-05-21T12:06:50.892418Z
Coinbase Exchange,ETH-USD,2026-05-21T12:07:05Z,809107989,buy,2111.60000000,0.00000002,0.000042232000,2026-05-21T12:06:49.417723Z,2026-05-21T12:06:49.417723Z
Coinbase Exchange,ETH-USD,2026-05-21T12:07:05Z,809107988,buy,2111.60000000,0.00113784,2.402662944000,2026-05-21T12:06:49.405938Z,2026-05-21T12:06:49.405938Z
Coinbase Exchange,ETH-USD,2026-05-21T12:07:05Z,809107987,buy,2111.60000000,0.73348616,1548.829375456000,2026-05-21T12:06:49.405938Z,2026-05-21T12:06:49.405938Z
Coinbase Exchange,ETH-USD,2026-05-21T12:07:05Z,809107986,buy,2111.60000000,1.00050695,2112.670475620000,2026-05-21T12:06:49.392079Z,2026-05-21T12:06:49.392079Z
Coinbase Exchange,ETH-USD,2026-05-21T12:07:05Z,809107985,buy,2111.60000000,1.00050695,2112.670475620000,2026-05-21T12:06:49.311219Z,2026-05-21T12:06:49.311219Z
Coinbase Exchange,ETH-USD,2026-05-21T12:07:05Z,809107984,sell,2111.61000000,0.00457029,9.650670066900,2026-05-21T12:06:49.301364Z,2026-05-21T12:06:49.301364Z
Coinbase Exchange,ETH-USD,2026-05-21T12:07:05Z,809107983,buy,2111.60000000,0.26541991,560.460681956000,2026-05-21T12:06:47.971059Z,2026-05-21T12:06:47.971059Z
Coinbase Exchange,ETH-USD,2026-05-21T12:07:05Z,809107982,buy,2111.61000000,0.01665519,35.169265755900,2026-05-21T12:06:47.971059Z,2026-05-21T12:06:47.971059Z
Coinbase Exchange,ETH-USD,2026-05-21T12:07:05Z,809107981,buy,2111.61000000,0.71279574,1505.146612541400,2026-05-21T12:06:47.971059Z,2026-05-21T12:06:47.971059Z
Coinbase Exchange,ETH-USD,2026-05-21T12:07:05Z,809107980,buy,2111.61000000,0.00563551,11.899999271100,2026-05-21T12:06:47.971059Z,2026-05-21T12:06:47.971059Z
Coinbase Exchange,ETH-USD,2026-05-21T12:07:05Z,809107979,buy,2111.61000000,0.00000060,0.001266966000,2026-05-21T12:06:47.971059Z,2026-05-21T12:06:47.971059Z
Coinbase Exchange,ETH-USD,2026-05-21T12:07:05Z,809107978,sell,2111.62000000,0.00000473,0.009987962600,2026-05-21T12:06:47.615220Z,2026-05-21T12:06:47.615220Z
Coinbase Exchange,ETH-USD,2026-05-21T12:07:05Z,809107977,sell,2111.62000000,0.00001893,0.039972966600,2026-05-21T12:06:47.584079Z,2026-05-21T12:06:47.584079Z
Coinbase Exchange,ETH-USD,2026-05-21T12:07:05Z,809107976,sell,2111.62000000,0.04686468,98.960395581600,2026-05-21T12:06:47.551394Z,2026-05-21T12:06:47.551394Z
Coinbase Exchange,ETH-USD,2026-05-21T12:07:05Z,809107975,sell,2111.62000000,0.00937496,19.796353035200,2026-05-21T12:06:47.469738Z,2026-05-21T12:06:47.469738Z
Coinbase Exchange,ETH-USD,2026-05-21T12:07:05Z,809107974,sell,2111.62000000,0.08302474,175.316701478800,2026-05-21T12:06:47.383686Z,2026-05-21T12:06:47.383686Z
Coinbase Exchange,ETH-USD,2026-05-21T12:07:05Z,809107973,sell,2111.62000000,0.01164018,24.579636891600,2026-05-21T12:06:47.383686Z,2026-05-21T12:06:47.383686Z
Coinbase Exchange,ETH-USD,2026-05-21T12:07:05Z,809107972,sell,2111.62000000,0.03637448,76.809079457600,2026-05-21T12:06:47.350324Z,2026-05-21T12:06:47.350324Z
Coinbase Exchange,ETH-USD,2026-05-21T12:07:05Z,809107971,sell,2111.62000000,0.09464297,199.849988311400,2026-05-21T12:06:47.343711Z,2026-05-21T12:06:47.343711Z
Coinbase Exchange,ETH-USD,2026-05-21T12:07:05Z,809107970,sell,2111.62000000,0.09466627,199.899189057400,2026-05-21T12:06:46.893056Z,2026-05-21T12:06:46.893056Z
Coinbase Exchange,ETH-USD,2026-05-21T12:07:05Z,809107969,sell,2111.62000000,0.05130000,108.326106000000,2026-05-21T12:06:46.270676Z,2026-05-21T12:06:46.270676Z
Coinbase Exchange,ETH-USD,2026-05-21T12:07:05Z,809107968,buy,2111.61000000,0.06576438,138.868722451800,2026-05-21T12:06:45.877820Z,2026-05-21T12:06:45.877820Z
Coinbase Exchange,ETH-USD,2026-05-21T12:07:05Z,809107967,buy,2111.61000000,0.01711262,36.135179518200,2026-05-21T12:06:45.877820Z,2026-05-21T12:06:45.877820Z
Coinbase Exchange,ETH-USD,2026-05-21T12:07:05Z,809107966,buy,2111.61000000,0.00288738,6.097020481800,2026-05-21T12:06:45.865971Z,2026-05-21T12:06:45.865971Z
Coinbase Exchange,ETH-USD,2026-05-21T12:07:05Z,809107965,buy,2111.61000000,0.02000000,42.232200000000,2026-05-21T12:06:45.865971Z,2026-05-21T12:06:45.865971Z
Coinbase Exchange,ETH-USD,2026-05-21T12:07:05Z,809107964,buy,2111.61000000,0.97761957,2064.351260207700,2026-05-21T12:06:45.865971Z,2026-05-21T12:06:45.865971Z
Coinbase Exchange,ETH-USD,2026-05-21T12:07:05Z,809107963,buy,2111.61000000,0.02338844,49.387263788400,2026-05-21T12:06:45.843466Z,2026-05-21T12:06:45.843466Z
Coinbase Exchange,ETH-USD,2026-05-21T12:07:05Z,809107962,buy,2111.61000000,0.97711851,2063.293216901100,2026-05-21T12:06:45.843466Z,2026-05-21T12:06:45.843466Z
Coinbase Exchange,ETH-USD,2026-05-21T12:07:05Z,809107961,buy,2111.61000000,0.02382622,50.311684414200,2026-05-21T12:06:45.829843Z,2026-05-21T12:06:45.829843Z
Coinbase Exchange,ETH-USD,2026-05-21T12:07:05Z,809107960,buy,2111.61000000,0.20001673,422.357327235300,2026-05-21T12:06:45.829843Z,2026-05-21T12:06:45.829843Z
Coinbase Exchange,ETH-USD,2026-05-21T12:07:05Z,809107959,buy,2111.61000000,0.00048071,1.015072043100,2026-05-21T12:06:45.829843Z,2026-05-21T12:06:45.829843Z
Coinbase Exchange,ETH-USD,2026-05-21T12:07:05Z,809107958,buy,2111.61000000,0.07987560,168.666115716000,2026-05-21T12:06:45.829843Z,2026-05-21T12:06:45.829843Z
Coinbase Exchange,ETH-USD,2026-05-21T12:07:05Z,809107957,buy,2111.61000000,0.69630769,1470.330281280900,2026-05-21T12:06:45.829843Z,2026-05-21T12:06:45.829843Z
Coinbase Exchange,ETH-USD,2026-05-21T12:07:05Z,809107956,buy,2111.61000000,0.30385406,641.621271636600,2026-05-21T12:06:45.818593Z,2026-05-21T12:06:45.818593Z
Coinbase Exchange,ETH-USD,2026-05-21T12:07:05Z,809107955,buy,2111.61000000,0.04907993,103.637670987300,2026-05-21T12:06:45.818593Z,2026-05-21T12:06:45.818593Z
Coinbase Exchange,ETH-USD,2026-05-21T12:07:05Z,809107954,buy,2111.61000000,0.07492849,158.219748768900,2026-05-21T12:06:45.818593Z,2026-05-21T12:06:45.818593Z
Coinbase Exchange,ETH-USD,2026-05-21T12:07:05Z,809107953,buy,2111.61000000,0.32679495,690.063484369500,2026-05-21T12:06:45.818593Z,2026-05-21T12:06:45.818593Z
Coinbase Exchange,ETH-USD,2026-05-21T12:07:05Z,809107952,buy,2111.61000000,0.24584952,519.138304927200,2026-05-21T12:06:45.818593Z,2026-05-21T12:06:45.818593Z
Coinbase Exchange,ETH-USD,2026-05-21T12:07:05Z,809107951,sell,2111.62000000,0.23008974,485.862096778800,2026-05-21T12:06:45.700392Z,2026-05-21T12:06:45.700392Z
Coinbase Exchange,ETH-USD,2026-05-21T12:07:05Z,809107950,sell,2111.62000000,0.09466627,199.899189057400,2026-05-21T12:06:45.392088Z,2026-05-21T12:06:45.392088Z
Coinbase Exchange,ETH-USD,2026-05-21T12:07:05Z,809107949,sell,2111.62000000,0.09464342,199.850938540400,2026-05-21T12:06:45.352409Z,2026-05-21T12:06:45.352409Z
Coinbase Exchange,ETH-USD,2026-05-21T12:07:05Z,809107948,sell,2111.62000000,0.01171869,24.745420177800,2026-05-21T12:06:44.691623Z,2026-05-21T12:06:44.691623Z
Coinbase Exchange,ETH-USD,2026-05-21T12:07:05Z,809107947,sell,2111.62000000,0.00920152,19.430113662400,2026-05-21T12:06:44.470182Z,2026-05-21T12:06:44.470182Z
Coinbase Exchange,ETH-USD,2026-05-21T12:07:05Z,809107946,sell,2111.62000000,0.18932626,399.785117141200,2026-05-21T12:06:44.113050Z,2026-05-21T12:06:44.113050Z
Coinbase Exchange,ETH-USD,2026-05-21T12:07:05Z,809107945,sell,2111.62000000,0.09466671,199.900118170200,2026-05-21T12:06:44.043789Z,2026-05-21T12:06:44.043789Z
Coinbase Exchange,ETH-USD,2026-05-21T12:07:05Z,809107944,buy,2111.62000000,0.13316528,281.194468553600,2026-05-21T12:06:43.936560Z,2026-05-21T12:06:43.936560Z
Coinbase Exchange,ETH-USD,2026-05-21T12:07:05Z,809107943,buy,2111.65000000,0.71034167,1499.992987455500,2026-05-21T12:06:43.936560Z,2026-05-21T12:06:43.936560Z
Coinbase Exchange,ETH-USD,2026-05-21T12:07:05Z,809107942,buy,2111.66000000,0.10000000,211.166000000000,2026-05-21T12:06:43.936560Z,2026-05-21T12:06:43.936560Z
Coinbase Exchange,ETH-USD,2026-05-21T12:07:05Z,809107941,buy,2111.67000000,0.02800000,59.126760000000,2026-05-21T12:06:43.936560Z,2026-05-21T12:06:43.936560Z
Coinbase Exchange,ETH-USD,2026-05-21T12:07:05Z,809107940,buy,2111.67000000,0.02800000,59.126760000000,2026-05-21T12:06:43.936560Z,2026-05-21T12:06:43.936560Z
Coinbase Exchange,ETH-USD,2026-05-21T12:07:05Z,809107939,buy,2111.67000000,0.00100000,2.111670000000,2026-05-21T12:06:43.936560Z,2026-05-21T12:06:43.936560Z
Coinbase Exchange,ETH-USD,2026-05-21T12:07:05Z,809107938,sell,2111.68000000,0.09464297,199.855666889600,2026-05-21T12:06:43.306689Z,2026-05-21T12:06:43.306689Z
Coinbase Exchange,ETH-USD,2026-05-21T12:07:05Z,809107937,buy,2111.72000000,0.00047357,1.000047240400,2026-05-21T12:06:43.127967Z,2026-05-21T12:06:43.127967Z
Coinbase Exchange,ETH-USD,2026-05-21T12:07:05Z,809107936,buy,2111.73000000,0.07846477,165.696408752100,2026-05-21T12:06:43.127967Z,2026-05-21T12:06:43.127967Z
Coinbase Exchange,ETH-USD,2026-05-21T12:07:05Z,809107935,buy,2111.74000000,0.00000473,0.009988530200,2026-05-21T12:06:43.110165Z,2026-05-21T12:06:43.110165Z
Coinbase Exchange,ETH-USD,2026-05-21T12:07:05Z,809107934,buy,2111.74000000,0.71031471,1499.999985695400,2026-05-21T12:06:43.110165Z,2026-05-21T12:06:43.110165Z
Coinbase Exchange,ETH-USD,2026-05-21T12:07:05Z,809107933,buy,2111.74000000,0.06719103,141.889985692200,2026-05-21T12:06:43.110165Z,2026-05-21T12:06:43.110165Z
Coinbase Exchange,ETH-USD,2026-05-21T12:07:05Z,809107932,sell,2111.75000000,0.00700556,14.793991330000,2026-05-21T12:06:43.076305Z,2026-05-21T12:06:43.076305Z
Coinbase Exchange,ETH-USD,2026-05-21T12:07:05Z,809107931,sell,2111.75000000,0.18933164,399.821090770000,2026-05-21T12:06:42.832371Z,2026-05-21T12:06:42.832371Z
Coinbase Exchange,ETH-USD,2026-05-21T12:07:05Z,809107930,sell,2111.75000000,0.07223561,152.543549417500,2026-05-21T12:06:42.450089Z,2026-05-21T12:06:42.450089Z
Coinbase Exchange,ETH-USD,2026-05-21T12:07:05Z,809107929,sell,2111.75000000,0.02242931,47.365095392500,2026-05-21T12:06:42.450089Z,2026-05-21T12:06:42.450089Z
Coinbase Exchange,ETH-USD,2026-05-21T12:07:05Z,809107928,sell,2111.75000000,0.21632502,456.824360985000,2026-05-21T12:06:42.145436Z,2026-05-21T12:06:42.145436Z
Coinbase Exchange,ETH-USD,2026-05-21T12:07:05Z,809107927,sell,2111.75000000,0.18933343,399.824870802500,2026-05-21T12:06:41.857383Z,2026-05-21T12:06:41.857383Z
Coinbase Exchange,ETH-USD,2026-05-21T12:07:05Z,809107926,sell,2111.75000000,0.09466671,199.912424842500,2026-05-21T12:06:41.708358Z,2026-05-21T12:06:41.708358Z
Coinbase Exchange,ETH-USD,2026-05-21T12:07:05Z,809107925,sell,2111.75000000,0.09465283,199.883113752500,2026-05-21T12:06:41.378887Z,2026-05-21T12:06:41.378887Z
Coinbase Exchange,ETH-USD,2026-05-21T12:07:05Z,809107924,sell,2111.75000000,0.09466627,199.911495672500,2026-05-21T12:06:41.281038Z,2026-05-21T12:06:41.281038Z
Coinbase Exchange,ETH-USD,2026-05-21T12:07:05Z,809107923,buy,2111.74000000,1.00050695,2112.810546592999,2026-05-21T12:06:41.099501Z,2026-05-21T12:06:41.099501Z
Coinbase Exchange,ETH-USD,2026-05-21T12:07:05Z,809107922,buy,2111.74000000,0.43429236,917.112548306400,2026-05-21T12:06:41.054357Z,2026-05-21T12:06:41.054357Z
Coinbase Exchange,ETH-USD,2026-05-21T12:07:05Z,809107921,buy,2111.74000000,0.55054923,1162.616830960200,2026-05-21T12:06:41.054357Z,2026-05-21T12:06:41.054357Z
Coinbase Exchange,ETH-USD,2026-05-21T12:07:05Z,809107920,buy,2111.74000000,0.01566536,33.081167326400,2026-05-21T12:06:41.054357Z,2026-05-21T12:06:41.054357Z
Coinbase Exchange,ETH-USD,2026-05-21T12:07:05Z,809107919,buy,2111.74000000,0.86609093,1828.958860518200,2026-05-21T12:06:40.934677Z,2026-05-21T12:06:40.934677Z
Coinbase Exchange,ETH-USD,2026-05-21T12:07:05Z,809107918,buy,2111.74000000,0.13441602,283.851686074800,2026-05-21T12:06:40.934677Z,2026-05-21T12:06:40.934677Z
Coinbase Exchange,ETH-USD,2026-05-21T12:07:05Z,809107917,buy,2111.74000000,1.37373586,2900.972964996400,2026-05-21T12:06:40.925280Z,2026-05-21T12:06:40.925280Z
Coinbase Exchange,ETH-USD,2026-05-21T12:07:05Z,809107916,buy,2111.74000000,0.15360000,324.363264000000,2026-05-21T12:06:40.925280Z,2026-05-21T12:06:40.925280Z
Coinbase Exchange,ETH-USD,2026-05-21T12:07:05Z,809107915,buy,2111.74000000,0.15532160,327.998835584000,2026-05-21T12:06:40.925280Z,2026-05-21T12:06:40.925280Z
Coinbase Exchange,ETH-USD,2026-05-21T12:07:05Z,809107914,buy,2111.74000000,0.42064754,888.298236119600,2026-05-21T12:06:40.925280Z,2026-05-21T12:06:40.925280Z
Coinbase Exchange,ETH-USD,2026-05-21T12:07:05Z,809107913,buy,2111.74000000,1.00050695,2112.810546592999,2026-05-21T12:06:40.913406Z,2026-05-21T12:06:40.913406Z
Coinbase Exchange,ETH-USD,2026-05-21T12:07:05Z,809107912,buy,2111.74000000,1.00050695,2112.810546592999,2026-05-21T12:06:40.899485Z,2026-05-21T12:06:40.899485Z
Coinbase Exchange,ETH-USD,2026-05-21T12:07:05Z,809107911,sell,2111.75000000,0.04687056,98.978905080000,2026-05-21T12:06:40.889608Z,2026-05-21T12:06:40.889608Z
Coinbase Exchange,SOL-USD,2026-05-21T12:07:05Z,337806662,sell,85.50000000,4.49263158,384.120000090000,2026-05-21T12:07:06.565470Z,2026-05-21T12:07:06.565470Z
Coinbase Exchange,SOL-USD,2026-05-21T12:07:05Z,337806661,buy,85.50000000,11.26346952,963.026643960000,2026-05-21T12:07:04.147766Z,2026-05-21T12:07:04.147766Z
Coinbase Exchange,SOL-USD,2026-05-21T12:07:05Z,337806660,buy,85.50000000,14.11229420,1206.601154100000,2026-05-21T12:07:04.147766Z,2026-05-21T12:07:04.147766Z
Coinbase Exchange,SOL-USD,2026-05-21T12:07:05Z,337806659,buy,85.50000000,0.04222222,3.609999810000,2026-05-21T12:07:04.147766Z,2026-05-21T12:07:04.147766Z
Coinbase Exchange,SOL-USD,2026-05-21T12:07:05Z,337806658,sell,85.51000000,0.04246965,3.631579771500,2026-05-21T12:07:03.278557Z,2026-05-21T12:07:03.278557Z
Coinbase Exchange,SOL-USD,2026-05-21T12:07:05Z,337806657,sell,85.51000000,0.01300000,1.111630000000,2026-05-21T12:07:03.278557Z,2026-05-21T12:07:03.278557Z
Coinbase Exchange,SOL-USD,2026-05-21T12:07:05Z,337806656,sell,85.51000000,0.27734823,23.716047147300,2026-05-21T12:07:02.103303Z,2026-05-21T12:07:02.103303Z
Coinbase Exchange,SOL-USD,2026-05-21T12:07:05Z,337806655,sell,85.50000000,0.28947368,24.749999640000,2026-05-21T12:06:59.603088Z,2026-05-21T12:06:59.603088Z
Coinbase Exchange,SOL-USD,2026-05-21T12:07:05Z,337806654,sell,85.50000000,0.10062816,8.603707680000,2026-05-21T12:06:57.585627Z,2026-05-21T12:06:57.585627Z
Coinbase Exchange,SOL-USD,2026-05-21T12:07:05Z,337806653,sell,85.50000000,0.01300000,1.111500000000,2026-05-21T12:06:57.585627Z,2026-05-21T12:06:57.585627Z
Coinbase Exchange,SOL-USD,2026-05-21T12:07:05Z,337806652,sell,85.49000000,14.03808695,1200.116053355500,2026-05-21T12:06:56.541274Z,2026-05-21T12:06:56.541274Z
Coinbase Exchange,SOL-USD,2026-05-21T12:07:05Z,337806651,sell,85.49000000,3.01776685,257.988888006500,2026-05-21T12:06:56.541274Z,2026-05-21T12:06:56.541274Z
Coinbase Exchange,SOL-USD,2026-05-21T12:07:05Z,337806650,sell,85.49000000,5.84886639,500.019587681100,2026-05-21T12:06:56.541274Z,2026-05-21T12:06:56.541274Z
Coinbase Exchange,SOL-USD,2026-05-21T12:07:05Z,337806649,sell,85.49000000,0.55469646,47.421000365400,2026-05-21T12:06:55.387145Z,2026-05-21T12:06:55.387145Z
Coinbase Exchange,SOL-USD,2026-05-21T12:07:05Z,337806648,sell,85.49000000,2.21849842,189.659429925800,2026-05-21T12:06:51.907049Z,2026-05-21T12:06:51.907049Z
Coinbase Exchange,SOL-USD,2026-05-21T12:07:05Z,337806647,sell,85.49000000,0.23152479,19.793054297100,2026-05-21T12:06:50.938309Z,2026-05-21T12:06:50.938309Z
Coinbase Exchange,SOL-USD,2026-05-21T12:07:05Z,337806646,sell,85.49000000,0.06575304,5.621227389600,2026-05-21T12:06:50.712752Z,2026-05-21T12:06:50.712752Z
Coinbase Exchange,SOL-USD,2026-05-21T12:07:05Z,337806645,sell,85.49000000,0.88742252,75.865751234800,2026-05-21T12:06:49.739858Z,2026-05-21T12:06:49.739858Z
Coinbase Exchange,SOL-USD,2026-05-21T12:07:05Z,337806644,sell,85.49000000,2.77306514,237.069338818600,2026-05-21T12:06:48.414576Z,2026-05-21T12:06:48.414576Z
Coinbase Exchange,SOL-USD,2026-05-21T12:07:05Z,337806643,sell,85.49000000,1.79389759,153.360304969100,2026-05-21T12:06:47.100084Z,2026-05-21T12:06:47.100084Z
Coinbase Exchange,SOL-USD,2026-05-21T12:07:05Z,337806642,sell,85.49000000,0.08103368,6.927569303200,2026-05-21T12:06:46.959075Z,2026-05-21T12:06:46.959075Z
Coinbase Exchange,SOL-USD,2026-05-21T12:07:05Z,337806641,buy,85.46000000,0.01468208,1.254730556800,2026-05-21T12:06:45.825998Z,2026-05-21T12:06:45.825998Z
Coinbase Exchange,SOL-USD,2026-05-21T12:07:05Z,337806640,buy,85.46000000,0.01468188,1.254713464800,2026-05-21T12:06:45.825998Z,2026-05-21T12:06:45.825998Z
Coinbase Exchange,SOL-USD,2026-05-21T12:07:05Z,337806639,buy,85.46000000,0.01472336,1.258258345600,2026-05-21T12:06:45.825998Z,2026-05-21T12:06:45.825998Z
Coinbase Exchange,SOL-USD,2026-05-21T12:07:05Z,337806638,buy,85.46000000,34.65559846,2961.667444391600,2026-05-21T12:06:45.825998Z,2026-05-21T12:06:45.825998Z
Coinbase Exchange,SOL-USD,2026-05-21T12:07:05Z,337806637,buy,85.46000000,10.00038924,854.633264450400,2026-05-21T12:06:45.825998Z,2026-05-21T12:06:45.825998Z
Coinbase Exchange,SOL-USD,2026-05-21T12:07:05Z,337806636,buy,85.46000000,0.01300000,1.110980000000,2026-05-21T12:06:45.825998Z,2026-05-21T12:06:45.825998Z
Coinbase Exchange,SOL-USD,2026-05-21T12:07:05Z,337806635,buy,85.46000000,0.00303664,0.259511254400,2026-05-21T12:06:45.825998Z,2026-05-21T12:06:45.825998Z
Coinbase Exchange,SOL-USD,2026-05-21T12:07:05Z,337806634,buy,85.47000000,7.79038924,665.844568342800,2026-05-21T12:06:45.825998Z,2026-05-21T12:06:45.825998Z
Coinbase Exchange,SOL-USD,2026-05-21T12:07:05Z,337806633,buy,85.48000000,30.39709000,2598.343253200000,2026-05-21T12:06:45.814650Z,2026-05-21T12:06:45.814650Z
Coinbase Exchange,SOL-USD,2026-05-21T12:07:05Z,337806632,buy,85.47000000,115.46343900,9868.660131330000,2026-05-21T12:06:45.805812Z,2026-05-21T12:06:45.805812Z
Coinbase Exchange,SOL-USD,2026-05-21T12:07:05Z,337806631,buy,85.47000000,2.00000000,170.940000000000,2026-05-21T12:06:45.805812Z,2026-05-21T12:06:45.805812Z
Coinbase Exchange,SOL-USD,2026-05-21T12:07:05Z,337806630,buy,85.47000000,4.00000000,341.880000000000,2026-05-21T12:06:45.805812Z,2026-05-21T12:06:45.805812Z
Coinbase Exchange,SOL-USD,2026-05-21T12:07:05Z,337806629,buy,85.47000000,4.00000000,341.880000000000,2026-05-21T12:06:45.805812Z,2026-05-21T12:06:45.805812Z
Coinbase Exchange,SOL-USD,2026-05-21T12:07:05Z,337806628,buy,85.47000000,8.00000000,683.760000000000,2026-05-21T12:06:45.805812Z,2026-05-21T12:06:45.805812Z
Coinbase Exchange,SOL-USD,2026-05-21T12:07:05Z,337806627,buy,85.47000000,5.84825677,499.850506131900,2026-05-21T12:06:45.805812Z,2026-05-21T12:06:45.805812Z
Coinbase Exchange,SOL-USD,2026-05-21T12:07:05Z,337806626,buy,85.47000000,31.87500000,2724.356250000000,2026-05-21T12:06:45.805812Z,2026-05-21T12:06:45.805812Z
Coinbase Exchange,SOL-USD,2026-05-21T12:07:05Z,337806625,buy,85.47000000,0.01300000,1.111110000000,2026-05-21T12:06:45.805812Z,2026-05-21T12:06:45.805812Z
Coinbase Exchange,SOL-USD,2026-05-21T12:07:05Z,337806624,buy,85.47000000,2.41757341,206.629999352700,2026-05-21T12:06:45.805812Z,2026-05-21T12:06:45.805812Z
Coinbase Exchange,SOL-USD,2026-05-21T12:07:05Z,337806623,buy,85.48000000,5.83478693,498.757586776400,2026-05-21T12:06:45.805288Z,2026-05-21T12:06:45.805288Z
Coinbase Exchange,SOL-USD,2026-05-21T12:07:05Z,337806622,buy,85.48000000,14.61995591,1249.713831186800,2026-05-21T12:06:45.805288Z,2026-05-21T12:06:45.805288Z
Coinbase Exchange,SOL-USD,2026-05-21T12:07:05Z,337806621,buy,85.48000000,13.82317888,1181.605330662400,2026-05-21T12:06:45.805288Z,2026-05-21T12:06:45.805288Z
Coinbase Exchange,SOL-USD,2026-05-21T12:07:05Z,337806620,buy,85.48000000,18.05182112,1543.069669337600,2026-05-21T12:06:45.804865Z,2026-05-21T12:06:45.804865Z
Coinbase Exchange,SOL-USD,2026-05-21T12:07:05Z,337806619,buy,85.48000000,0.01300000,1.111240000000,2026-05-21T12:06:45.804865Z,2026-05-21T12:06:45.804865Z
Coinbase Exchange,SOL-USD,2026-05-21T12:07:05Z,337806618,buy,85.49000000,1.62545326,138.959999197400,2026-05-21T12:06:45.804150Z,2026-05-21T12:06:45.804150Z
Coinbase Exchange,SOL-USD,2026-05-21T12:07:05Z,337806617,buy,85.49000000,0.05439232,4.649999436800,2026-05-21T12:06:45.804150Z,2026-05-21T12:06:45.804150Z
Coinbase Exchange,SOL-USD,2026-05-21T12:07:05Z,337806616,buy,85.49000000,0.00198853,0.169999429700,2026-05-21T12:06:45.804150Z,2026-05-21T12:06:45.804150Z
Coinbase Exchange,SOL-USD,2026-05-21T12:07:05Z,337806615,buy,85.49000000,20.36852620,1741.305304838000,2026-05-21T12:06:45.804150Z,2026-05-21T12:06:45.804150Z
Coinbase Exchange,SOL-USD,2026-05-21T12:07:05Z,337806614,buy,85.49000000,13.18416926,1127.114630037400,2026-05-21T12:06:45.804150Z,2026-05-21T12:06:45.804150Z
Coinbase Exchange,SOL-USD,2026-05-21T12:07:05Z,337806613,buy,85.49000000,10.19276706,871.379655959400,2026-05-21T12:06:45.804150Z,2026-05-21T12:06:45.804150Z
Coinbase Exchange,SOL-USD,2026-05-21T12:07:05Z,337806612,buy,85.49000000,0.01300000,1.111370000000,2026-05-21T12:06:45.804150Z,2026-05-21T12:06:45.804150Z
Coinbase Exchange,SOL-USD,2026-05-21T12:07:05Z,337806611,sell,85.50000000,0.22300000,19.066500000000,2026-05-21T12:06:44.268771Z,2026-05-21T12:06:44.268771Z
Coinbase Exchange,SOL-USD,2026-05-21T12:07:05Z,337806610,buy,85.50000000,0.02000000,1.710000000000,2026-05-21T12:06:44.006807Z,2026-05-21T12:06:44.006807Z
Coinbase Exchange,SOL-USD,2026-05-21T12:07:05Z,337806609,buy,85.50000000,0.01300000,1.111500000000,2026-05-21T12:06:44.006807Z,2026-05-21T12:06:44.006807Z
Coinbase Exchange,SOL-USD,2026-05-21T12:07:05Z,337806608,buy,85.51000000,1.62437141,138.899999269100,2026-05-21T12:06:40.534589Z,2026-05-21T12:06:40.534589Z
Coinbase Exchange,SOL-USD,2026-05-21T12:07:05Z,337806607,buy,85.51000000,0.04011226,3.429999352600,2026-05-21T12:06:40.534589Z,2026-05-21T12:06:40.534589Z
Coinbase Exchange,SOL-USD,2026-05-21T12:07:05Z,337806606,buy,85.51000000,0.01300000,1.111630000000,2026-05-21T12:06:40.534589Z,2026-05-21T12:06:40.534589Z
Coinbase Exchange,SOL-USD,2026-05-21T12:07:05Z,337806605,buy,85.52000000,0.35620424,30.462586604800,2026-05-21T12:06:37.659005Z,2026-05-21T12:06:37.659005Z
Coinbase Exchange,SOL-USD,2026-05-21T12:07:05Z,337806604,buy,85.52000000,1.62418147,138.899999314400,2026-05-21T12:06:37.659005Z,2026-05-21T12:06:37.659005Z
Coinbase Exchange,SOL-USD,2026-05-21T12:07:05Z,337806603,buy,85.52000000,0.00865294,0.739999428800,2026-05-21T12:06:37.659005Z,2026-05-21T12:06:37.659005Z
Coinbase Exchange,SOL-USD,2026-05-21T12:07:05Z,337806602,buy,85.52000000,0.00724976,0.619999475200,2026-05-21T12:06:37.659005Z,2026-05-21T12:06:37.659005Z
Coinbase Exchange,SOL-USD,2026-05-21T12:07:05Z,337806601,buy,85.52000000,0.01300000,1.111760000000,2026-05-21T12:06:37.659005Z,2026-05-21T12:06:37.659005Z
Coinbase Exchange,SOL-USD,2026-05-21T12:07:05Z,337806600,sell,85.53000000,5.68028992,485.835196857600,2026-05-21T12:06:36.785923Z,2026-05-21T12:06:36.785923Z
Coinbase Exchange,SOL-USD,2026-05-21T12:07:05Z,337806599,sell,85.53000000,0.03321604,2.840967901200,2026-05-21T12:06:34.359887Z,2026-05-21T12:06:34.359887Z
Coinbase Exchange,SOL-USD,2026-05-21T12:07:05Z,337806598,buy,85.53000000,0.00175377,0.149999948100,2026-05-21T12:06:34.216534Z,2026-05-21T12:06:34.216534Z
Coinbase Exchange,SOL-USD,2026-05-21T12:07:05Z,337806597,buy,85.53000000,6.24728165,534.329999524500,2026-05-21T12:06:34.216534Z,2026-05-21T12:06:34.216534Z
Coinbase Exchange,SOL-USD,2026-05-21T12:07:05Z,337806596,buy,85.53000000,0.18643198,15.945527249400,2026-05-21T12:06:34.216534Z,2026-05-21T12:06:34.216534Z
Coinbase Exchange,SOL-USD,2026-05-21T12:07:05Z,337806595,buy,85.53000000,0.12673915,10.839999499500,2026-05-21T12:06:34.216534Z,2026-05-21T12:06:34.216534Z
Coinbase Exchange,SOL-USD,2026-05-21T12:07:05Z,337806594,buy,85.53000000,0.04220741,3.609999777300,2026-05-21T12:06:34.216534Z,2026-05-21T12:06:34.216534Z
Coinbase Exchange,SOL-USD,2026-05-21T12:07:05Z,337806593,buy,85.53000000,4.62352390,395.449999167000,2026-05-21T12:06:34.216534Z,2026-05-21T12:06:34.216534Z
Coinbase Exchange,SOL-USD,2026-05-21T12:07:05Z,337806592,buy,85.53000000,0.01122413,0.959999838900,2026-05-21T12:06:34.216534Z,2026-05-21T12:06:34.216534Z
Coinbase Exchange,SOL-USD,2026-05-21T12:07:05Z,337806591,buy,85.53000000,8.50138210,727.123211013000,2026-05-21T12:06:34.216534Z,2026-05-21T12:06:34.216534Z
Coinbase Exchange,SOL-USD,2026-05-21T12:07:05Z,337806590,buy,85.53000000,5.36696818,459.036788435400,2026-05-21T12:06:34.215734Z,2026-05-21T12:06:34.215734Z
Coinbase Exchange,SOL-USD,2026-05-21T12:07:05Z,337806589,buy,85.53000000,0.01110394,0.949719988200,2026-05-21T12:06:34.215734Z,2026-05-21T12:06:34.215734Z
Coinbase Exchange,SOL-USD,2026-05-21T12:07:05Z,337806588,sell,85.54000000,0.06901097,5.903198373800,2026-05-21T12:06:31.379373Z,2026-05-21T12:06:31.379373Z
Coinbase Exchange,SOL-USD,2026-05-21T12:07:05Z,337806587,sell,85.54000000,0.01000000,0.855400000000,2026-05-21T12:06:31.379373Z,2026-05-21T12:06:31.379373Z
Coinbase Exchange,SOL-USD,2026-05-21T12:07:05Z,337806586,sell,85.54000000,2.35143093,201.141401752200,2026-05-21T12:06:31.379373Z,2026-05-21T12:06:31.379373Z
Coinbase Exchange,SOL-USD,2026-05-21T12:07:05Z,337806585,sell,85.54000000,0.11631964,9.949982005600,2026-05-21T12:06:29.166853Z,2026-05-21T12:06:29.166853Z
Coinbase Exchange,SOL-USD,2026-05-21T12:07:05Z,337806584,sell,85.54000000,0.74624333,63.833654448200,2026-05-21T12:06:25.344958Z,2026-05-21T12:06:25.344958Z
Coinbase Exchange,SOL-USD,2026-05-21T12:07:05Z,337806583,sell,85.54000000,0.02000000,1.710800000000,2026-05-21T12:06:25.344958Z,2026-05-21T12:06:25.344958Z
Coinbase Exchange,SOL-USD,2026-05-21T12:07:05Z,337806582,sell,85.55000000,3.68905027,315.598250598500,2026-05-21T12:06:20.860125Z,2026-05-21T12:06:20.860125Z
Coinbase Exchange,SOL-USD,2026-05-21T12:07:05Z,337806581,sell,85.54000000,0.04000000,3.421600000000,2026-05-21T12:06:20.860125Z,2026-05-21T12:06:20.860125Z
Coinbase Exchange,SOL-USD,2026-05-21T12:07:05Z,337806580,buy,85.53000000,0.00189606,0.162170011800,2026-05-21T12:06:18.179018Z,2026-05-21T12:06:18.179018Z
Coinbase Exchange,SOL-USD,2026-05-21T12:07:05Z,337806579,buy,85.54000000,4.00000000,342.160000000000,2026-05-21T12:06:16.381025Z,2026-05-21T12:06:16.381025Z
Coinbase Exchange,SOL-USD,2026-05-21T12:07:05Z,337806578,buy,85.54000000,2.00000000,171.080000000000,2026-05-21T12:06:16.381025Z,2026-05-21T12:06:16.381025Z
Coinbase Exchange,SOL-USD,2026-05-21T12:07:05Z,337806577,buy,85.54000000,5.83478693,499.107673992200,2026-05-21T12:06:16.381025Z,2026-05-21T12:06:16.381025Z
Coinbase Exchange,SOL-USD,2026-05-21T12:07:05Z,337806576,buy,85.54000000,14.61183825,1249.896643905000,2026-05-21T12:06:16.381025Z,2026-05-21T12:06:16.381025Z
Coinbase Exchange,SOL-USD,2026-05-21T12:07:05Z,337806575,buy,85.54000000,0.01300000,1.112020000000,2026-05-21T12:06:16.381025Z,2026-05-21T12:06:16.381025Z
Coinbase Exchange,SOL-USD,2026-05-21T12:07:05Z,337806574,buy,85.55000000,0.00140268,0.119999274000,2026-05-21T12:06:16.379759Z,2026-05-21T12:06:16.379759Z
Coinbase Exchange,SOL-USD,2026-05-21T12:07:05Z,337806573,buy,85.55000000,0.08439509,7.219999949500,2026-05-21T12:06:16.379759Z,2026-05-21T12:06:16.379759Z
Coinbase Exchange,SOL-USD,2026-05-21T12:07:05Z,337806572,buy,85.55000000,5.60268848,479.309999464000,2026-05-21T12:06:16.379759Z,2026-05-21T12:06:16.379759Z
Coinbase Exchange,SOL-USD,2026-05-21T12:07:05Z,337806571,buy,85.55000000,0.04231443,3.619999486500,2026-05-21T12:06:16.379759Z,2026-05-21T12:06:16.379759Z
Coinbase Exchange,SOL-USD,2026-05-21T12:07:05Z,337806570,buy,85.55000000,0.01300000,1.112150000000,2026-05-21T12:06:16.379759Z,2026-05-21T12:06:16.379759Z
Coinbase Exchange,SOL-USD,2026-05-21T12:07:05Z,337806569,buy,85.56000000,0.00280504,0.239999222400,2026-05-21T12:06:16.184677Z,2026-05-21T12:06:16.184677Z
Coinbase Exchange,SOL-USD,2026-05-21T12:07:05Z,337806568,buy,85.56000000,0.00116877,0.099999961200,2026-05-21T12:06:16.184677Z,2026-05-21T12:06:16.184677Z
Coinbase Exchange,SOL-USD,2026-05-21T12:07:05Z,337806567,buy,85.56000000,0.04219261,3.609999711600,2026-05-21T12:06:16.184677Z,2026-05-21T12:06:16.184677Z
Coinbase Exchange,SOL-USD,2026-05-21T12:07:05Z,337806566,buy,85.56000000,10.00038924,855.633303374400,2026-05-21T12:06:16.184677Z,2026-05-21T12:06:16.184677Z
Coinbase Exchange,SOL-USD,2026-05-21T12:07:05Z,337806565,buy,85.56000000,0.01507715,1.290000954000,2026-05-21T12:06:16.184677Z,2026-05-21T12:06:16.184677Z
Coinbase Exchange,SOL-USD,2026-05-21T12:07:05Z,337806564,buy,85.56000000,0.00362318,0.309999280800,2026-05-21T12:06:14.333923Z,2026-05-21T12:06:14.333923Z
Coinbase Exchange,SOL-USD,2026-05-21T12:07:05Z,337806563,buy,85.56000000,0.02349228,2.009999476800,2026-05-21T12:06:14.245956Z,2026-05-21T12:06:14.245956Z
Coinbase Exchange,XRP-USD,2026-05-21T12:07:05Z,231738909,buy,1.36230000,17.35076200,23.636943072600,2026-05-21T12:07:04.965753Z,2026-05-21T12:07:04.965753Z
Coinbase Exchange,XRP-USD,2026-05-21T12:07:05Z,231738908,sell,1.36240000,87.58113300,119.320535599200,2026-05-21T12:07:04.001105Z,2026-05-21T12:07:04.001105Z
Coinbase Exchange,XRP-USD,2026-05-21T12:07:05Z,231738907,sell,1.36240000,0.90000000,1.226160000000,2026-05-21T12:07:04.001105Z,2026-05-21T12:07:04.001105Z
Coinbase Exchange,XRP-USD,2026-05-21T12:07:05Z,231738906,sell,1.36240000,2.75178300,3.749029159200,2026-05-21T12:07:03.041317Z,2026-05-21T12:07:03.041317Z
Coinbase Exchange,XRP-USD,2026-05-21T12:07:05Z,231738905,sell,1.36230000,0.90000000,1.226070000000,2026-05-21T12:07:03.041317Z,2026-05-21T12:07:03.041317Z
Coinbase Exchange,XRP-USD,2026-05-21T12:07:05Z,231738904,sell,1.36220000,27.38940200,37.309843404400,2026-05-21T12:07:02.289580Z,2026-05-21T12:07:02.289580Z
Coinbase Exchange,XRP-USD,2026-05-21T12:07:05Z,231738903,sell,1.36220000,17.83613500,24.296383097000,2026-05-21T12:07:00.574218Z,2026-05-21T12:07:00.574218Z
Coinbase Exchange,XRP-USD,2026-05-21T12:07:05Z,231738902,sell,1.36220000,437.44418500,595.886468807000,2026-05-21T12:07:00.056897Z,2026-05-21T12:07:00.056897Z
Coinbase Exchange,XRP-USD,2026-05-21T12:07:05Z,231738901,sell,1.36220000,90.45107400,123.212453002800,2026-05-21T12:07:00.056897Z,2026-05-21T12:07:00.056897Z
Coinbase Exchange,XRP-USD,2026-05-21T12:07:05Z,231738900,sell,1.36230000,292.60258600,398.612502907800,2026-05-21T12:06:58.195868Z,2026-05-21T12:06:58.195868Z
Coinbase Exchange,XRP-USD,2026-05-21T12:07:05Z,231738899,sell,1.36220000,0.90000000,1.225980000000,2026-05-21T12:06:58.195868Z,2026-05-21T12:06:58.195868Z
Coinbase Exchange,XRP-USD,2026-05-21T12:07:05Z,231738898,sell,1.36200000,27.45559700,37.394523114000,2026-05-21T12:06:56.570969Z,2026-05-21T12:06:56.570969Z
Coinbase Exchange,XRP-USD,2026-05-21T12:07:05Z,231738897,sell,1.36200000,66.67887300,90.816625026000,2026-05-21T12:06:56.570969Z,2026-05-21T12:06:56.570969Z
Coinbase Exchange,XRP-USD,2026-05-21T12:07:05Z,231738896,sell,1.36200000,22.91056300,31.204186806000,2026-05-21T12:06:56.570969Z,2026-05-21T12:06:56.570969Z
Coinbase Exchange,XRP-USD,2026-05-21T12:07:05Z,231738895,sell,1.36200000,60.41056400,82.279188168000,2026-05-21T12:06:56.570969Z,2026-05-21T12:06:56.570969Z
Coinbase Exchange,XRP-USD,2026-05-21T12:07:05Z,231738894,sell,1.36200000,3.44655200,4.694203824000,2026-05-21T12:06:56.570969Z,2026-05-21T12:06:56.570969Z
Coinbase Exchange,XRP-USD,2026-05-21T12:07:05Z,231738893,sell,1.36200000,54.91119400,74.789046228000,2026-05-21T12:06:50.995101Z,2026-05-21T12:06:50.995101Z
Coinbase Exchange,XRP-USD,2026-05-21T12:07:05Z,231738892,sell,1.36200000,145.08880600,197.610953772000,2026-05-21T12:06:50.995101Z,2026-05-21T12:06:50.995101Z
Coinbase Exchange,XRP-USD,2026-05-21T12:07:05Z,231738891,sell,1.36200000,1.00308400,1.366200408000,2026-05-21T12:06:50.932331Z,2026-05-21T12:06:50.932331Z
Coinbase Exchange,XRP-USD,2026-05-21T12:07:05Z,231738890,buy,1.36190000,1006.93517000,1371.345008023000,2026-05-21T12:06:49.202131Z,2026-05-21T12:06:49.202131Z
Coinbase Exchange,XRP-USD,2026-05-21T12:07:05Z,231738889,buy,1.36190000,0.90000000,1.225710000000,2026-05-21T12:06:49.202131Z,2026-05-21T12:06:49.202131Z
Coinbase Exchange,XRP-USD,2026-05-21T12:07:05Z,231738888,buy,1.36200000,87.07735200,118.599353424000,2026-05-21T12:06:49.202131Z,2026-05-21T12:06:49.202131Z
Coinbase Exchange,XRP-USD,2026-05-21T12:07:05Z,231738887,buy,1.36200000,37.82468300,51.517218246000,2026-05-21T12:06:49.202131Z,2026-05-21T12:06:49.202131Z
Coinbase Exchange,XRP-USD,2026-05-21T12:07:05Z,231738886,buy,1.36200000,44.22025300,60.227984586000,2026-05-21T12:06:49.202131Z,2026-05-21T12:06:49.202131Z
Coinbase Exchange,XRP-USD,2026-05-21T12:07:05Z,231738885,buy,1.36200000,146.09189000,198.977154180000,2026-05-21T12:06:49.202131Z,2026-05-21T12:06:49.202131Z
Coinbase Exchange,XRP-USD,2026-05-21T12:07:05Z,231738884,buy,1.36200000,145.45982300,198.116278926000,2026-05-21T12:06:49.202131Z,2026-05-21T12:06:49.202131Z
Coinbase Exchange,XRP-USD,2026-05-21T12:07:05Z,231738883,buy,1.36200000,75.64936700,103.034437854000,2026-05-21T12:06:47.922976Z,2026-05-21T12:06:47.922976Z
Coinbase Exchange,XRP-USD,2026-05-21T12:07:05Z,231738882,buy,1.36200000,0.90000000,1.225800000000,2026-05-21T12:06:46.241421Z,2026-05-21T12:06:46.241421Z
Coinbase Exchange,XRP-USD,2026-05-21T12:07:05Z,231738881,sell,1.36220000,1628.34794500,2218.135570679000,2026-05-21T12:06:45.732161Z,2026-05-21T12:06:45.732161Z
Coinbase Exchange,XRP-USD,2026-05-21T12:07:05Z,231738880,sell,1.36210000,502.01436500,683.793766566500,2026-05-21T12:06:45.732161Z,2026-05-21T12:06:45.732161Z
Coinbase Exchange,XRP-USD,2026-05-21T12:07:05Z,231738879,sell,1.36210000,807.51201500,1099.912115631500,2026-05-21T12:06:45.732161Z,2026-05-21T12:06:45.732161Z
Coinbase Exchange,XRP-USD,2026-05-21T12:07:05Z,231738878,sell,1.36210000,10644.00000000,14498.192400000002,2026-05-21T12:06:45.732161Z,2026-05-21T12:06:45.732161Z
Coinbase Exchange,XRP-USD,2026-05-21T12:07:05Z,231738877,sell,1.36210000,2362.13196800,3217.459953612800,2026-05-21T12:06:45.732161Z,2026-05-21T12:06:45.732161Z
Coinbase Exchange,XRP-USD,2026-05-21T12:07:05Z,231738876,sell,1.36210000,157.78161900,214.914343239900,2026-05-21T12:06:45.732161Z,2026-05-21T12:06:45.732161Z
Coinbase Exchange,XRP-USD,2026-05-21T12:07:05Z,231738875,buy,1.36210000,27.38040500,37.294849650500,2026-05-21T12:06:45.124494Z,2026-05-21T12:06:45.124494Z
Coinbase Exchange,XRP-USD,2026-05-21T12:07:05Z,231738874,buy,1.36210000,0.90000000,1.225890000000,2026-05-21T12:06:45.124494Z,2026-05-21T12:06:45.124494Z
Coinbase Exchange,XRP-USD,2026-05-21T12:07:05Z,231738873,buy,1.36220000,0.90000000,1.225980000000,2026-05-21T12:06:42.576441Z,2026-05-21T12:06:42.576441Z
Coinbase Exchange,XRP-USD,2026-05-21T12:07:05Z,231738872,sell,1.36230000,52.76884100,71.886992094300,2026-05-21T12:06:40.340779Z,2026-05-21T12:06:40.340779Z
Coinbase Exchange,XRP-USD,2026-05-21T12:07:05Z,231738871,buy,1.36230000,0.90000000,1.226070000000,2026-05-21T12:06:39.787734Z,2026-05-21T12:06:39.787734Z
Coinbase Exchange,XRP-USD,2026-05-21T12:07:05Z,231738870,sell,1.36240000,409.00637400,557.230283937600,2026-05-21T12:06:39.576952Z,2026-05-21T12:06:39.576952Z
Coinbase Exchange,XRP-USD,2026-05-21T12:07:05Z,231738869,sell,1.36240000,158.59108400,216.064492841600,2026-05-21T12:06:39.576952Z,2026-05-21T12:06:39.576952Z
Coinbase Exchange,XRP-USD,2026-05-21T12:07:05Z,231738868,buy,1.36240000,0.90000000,1.226160000000,2026-05-21T12:06:39.327382Z,2026-05-21T12:06:39.327382Z
Coinbase Exchange,XRP-USD,2026-05-21T12:07:05Z,231738867,buy,1.36240000,14.61381100,19.909856106400,2026-05-21T12:06:39.327382Z,2026-05-21T12:06:39.327382Z
Coinbase Exchange,XRP-USD,2026-05-21T12:07:05Z,231738866,sell,1.36250000,24.36870600,33.202361925000,2026-05-21T12:06:38.899289Z,2026-05-21T12:06:38.899289Z
Coinbase Exchange,XRP-USD,2026-05-21T12:07:05Z,231738865,sell,1.36250000,587.13441700,799.970643162500,2026-05-21T12:06:38.683520Z,2026-05-21T12:06:38.683520Z
Coinbase Exchange,XRP-USD,2026-05-21T12:07:05Z,231738864,buy,1.36250000,612.19742000,834.118984750000,2026-05-21T12:06:37.944948Z,2026-05-21T12:06:37.944948Z
Coinbase Exchange,XRP-USD,2026-05-21T12:07:05Z,231738863,buy,1.36250000,51.41828100,70.057407862500,2026-05-21T12:06:37.944948Z,2026-05-21T12:06:37.944948Z
Coinbase Exchange,XRP-USD,2026-05-21T12:07:05Z,231738862,buy,1.36250000,0.90000000,1.226250000000,2026-05-21T12:06:37.944948Z,2026-05-21T12:06:37.944948Z
Coinbase Exchange,XRP-USD,2026-05-21T12:07:05Z,231738861,sell,1.36260000,423.41145900,576.940454033400,2026-05-21T12:06:34.700390Z,2026-05-21T12:06:34.700390Z
Coinbase Exchange,XRP-USD,2026-05-21T12:07:05Z,231738860,sell,1.36260000,750.59888700,1022.766043426200,2026-05-21T12:06:34.700390Z,2026-05-21T12:06:34.700390Z
Coinbase Exchange,XRP-USD,2026-05-21T12:07:05Z,231738859,sell,1.36260000,56.91312800,77.549828212800,2026-05-21T12:06:34.381094Z,2026-05-21T12:06:34.381094Z
Coinbase Exchange,XRP-USD,2026-05-21T12:07:05Z,231738858,sell,1.36260000,14.40000000,19.621440000000,2026-05-21T12:06:34.381094Z,2026-05-21T12:06:34.381094Z
Coinbase Exchange,XRP-USD,2026-05-21T12:07:05Z,231738857,buy,1.36260000,0.00000100,0.000001362600,2026-05-21T12:06:34.241630Z,2026-05-21T12:06:34.241630Z
Coinbase Exchange,XRP-USD,2026-05-21T12:07:05Z,231738856,buy,1.36260000,40.10343500,54.644940531000,2026-05-21T12:06:34.236657Z,2026-05-21T12:06:34.236657Z
Coinbase Exchange,XRP-USD,2026-05-21T12:07:05Z,231738855,sell,1.36270000,18.16247200,24.750000594400,2026-05-21T12:06:33.774657Z,2026-05-21T12:06:33.774657Z
Coinbase Exchange,XRP-USD,2026-05-21T12:07:05Z,231738854,sell,1.36270000,72.64988600,98.999999652200,2026-05-21T12:06:32.105927Z,2026-05-21T12:06:32.105927Z
Coinbase Exchange,XRP-USD,2026-05-21T12:07:05Z,231738853,buy,1.36260000,4.52010600,6.159096435600,2026-05-21T12:06:30.802584Z,2026-05-21T12:06:30.802584Z
Coinbase Exchange,XRP-USD,2026-05-21T12:07:05Z,231738852,buy,1.36260000,71.64968300,97.629858055800,2026-05-21T12:06:30.635791Z,2026-05-21T12:06:30.635791Z
Coinbase Exchange,XRP-USD,2026-05-21T12:07:05Z,231738851,buy,1.36260000,0.90000000,1.226340000000,2026-05-21T12:06:30.635791Z,2026-05-21T12:06:30.635791Z
Coinbase Exchange,XRP-USD,2026-05-21T12:07:05Z,231738850,buy,1.36270000,193.62440200,263.851972605400,2026-05-21T12:06:30.635791Z,2026-05-21T12:06:30.635791Z
Coinbase Exchange,XRP-USD,2026-05-21T12:07:05Z,231738849,sell,1.36280000,8.47628900,11.551486649200,2026-05-21T12:06:29.522421Z,2026-05-21T12:06:29.522421Z
Coinbase Exchange,XRP-USD,2026-05-21T12:07:05Z,231738848,sell,1.36280000,72.14594600,98.320495208800,2026-05-21T12:06:29.522421Z,2026-05-21T12:06:29.522421Z
Coinbase Exchange,XRP-USD,2026-05-21T12:07:05Z,231738847,sell,1.36270000,53.18779800,72.479012334600,2026-05-21T12:06:29.522421Z,2026-05-21T12:06:29.522421Z
Coinbase Exchange,XRP-USD,2026-05-21T12:07:05Z,231738846,sell,1.36270000,53.18779800,72.479012334600,2026-05-21T12:06:29.522421Z,2026-05-21T12:06:29.522421Z
Coinbase Exchange,XRP-USD,2026-05-21T12:07:05Z,231738845,sell,1.36270000,106.37559700,144.958026031900,2026-05-21T12:06:29.522421Z,2026-05-21T12:06:29.522421Z
Coinbase Exchange,XRP-USD,2026-05-21T12:07:05Z,231738844,buy,1.36280000,87.24880500,118.902671454000,2026-05-21T12:06:24.982397Z,2026-05-21T12:06:24.982397Z
Coinbase Exchange,XRP-USD,2026-05-21T12:07:05Z,231738843,buy,1.36280000,87.24880500,118.902671454000,2026-05-21T12:06:24.982397Z,2026-05-21T12:06:24.982397Z
Coinbase Exchange,XRP-USD,2026-05-21T12:07:05Z,231738842,sell,1.36280000,0.90000000,1.226520000000,2026-05-21T12:06:23.796861Z,2026-05-21T12:06:23.796861Z
Coinbase Exchange,XRP-USD,2026-05-21T12:07:05Z,231738841,sell,1.36280000,1237.78743900,1686.856721869200,2026-05-21T12:06:23.794826Z,2026-05-21T12:06:23.794826Z
Coinbase Exchange,XRP-USD,2026-05-21T12:07:05Z,231738840,sell,1.36270000,251.00477600,342.044208255200,2026-05-21T12:06:23.792223Z,2026-05-21T12:06:23.792223Z
Coinbase Exchange,XRP-USD,2026-05-21T12:07:05Z,231738839,sell,1.36270000,285.27344800,388.742127589600,2026-05-21T12:06:21.349064Z,2026-05-21T12:06:21.349064Z
Coinbase Exchange,XRP-USD,2026-05-21T12:07:05Z,231738838,sell,1.36270000,2065.12669500,2814.148147276500,2026-05-21T12:06:18.878649Z,2026-05-21T12:06:18.878649Z
Coinbase Exchange,XRP-USD,2026-05-21T12:07:05Z,231738837,sell,1.36260000,73.94594400,100.758743294400,2026-05-21T12:06:18.878649Z,2026-05-21T12:06:18.878649Z
Coinbase Exchange,XRP-USD,2026-05-21T12:07:05Z,231738836,sell,1.36260000,142.59486400,194.299761686400,2026-05-21T12:06:16.101757Z,2026-05-21T12:06:16.101757Z
Coinbase Exchange,XRP-USD,2026-05-21T12:07:05Z,231738835,sell,1.36260000,7.26339000,9.897095214000,2026-05-21T12:06:15.818280Z,2026-05-21T12:06:15.818280Z
Coinbase Exchange,XRP-USD,2026-05-21T12:07:05Z,231738834,sell,1.36260000,11.13477600,15.172245777600,2026-05-21T12:06:15.788492Z,2026-05-21T12:06:15.788492Z
Coinbase Exchange,XRP-USD,2026-05-21T12:07:05Z,231738833,buy,1.36260000,0.90000000,1.226340000000,2026-05-21T12:06:15.669413Z,2026-05-21T12:06:15.669413Z
Coinbase Exchange,XRP-USD,2026-05-21T12:07:05Z,231738832,buy,1.36270000,0.90000000,1.226430000000,2026-05-21T12:06:15.669413Z,2026-05-21T12:06:15.669413Z
Coinbase Exchange,XRP-USD,2026-05-21T12:07:05Z,231738831,buy,1.36280000,0.00000100,0.000001362800,2026-05-21T12:06:15.177391Z,2026-05-21T12:06:15.177391Z
Coinbase Exchange,XRP-USD,2026-05-21T12:07:05Z,231738830,buy,1.36280000,14.43616800,19.673609750400,2026-05-21T12:06:15.170828Z,2026-05-21T12:06:15.170828Z
Coinbase Exchange,XRP-USD,2026-05-21T12:07:05Z,231738829,buy,1.36280000,0.90000000,1.226520000000,2026-05-21T12:06:15.170828Z,2026-05-21T12:06:15.170828Z
Coinbase Exchange,XRP-USD,2026-05-21T12:07:05Z,231738828,buy,1.36290000,28.30125400,38.571779076600,2026-05-21T12:06:12.542643Z,2026-05-21T12:06:12.542643Z
Coinbase Exchange,XRP-USD,2026-05-21T12:07:05Z,231738827,buy,1.36290000,386.11557500,526.236917167500,2026-05-21T12:06:12.542643Z,2026-05-21T12:06:12.542643Z
Coinbase Exchange,XRP-USD,2026-05-21T12:07:05Z,231738826,buy,1.36290000,0.90000000,1.226610000000,2026-05-21T12:06:12.542643Z,2026-05-21T12:06:12.542643Z
Coinbase Exchange,XRP-USD,2026-05-21T12:07:05Z,231738825,buy,1.36300000,0.90000000,1.226700000000,2026-05-21T12:06:07.637231Z,2026-05-21T12:06:07.637231Z
Coinbase Exchange,XRP-USD,2026-05-21T12:07:05Z,231738824,buy,1.36310000,146.09189000,199.137855259000,2026-05-21T12:06:07.486983Z,2026-05-21T12:06:07.486983Z
Coinbase Exchange,XRP-USD,2026-05-21T12:07:05Z,231738823,buy,1.36310000,2.01214200,2.742750760200,2026-05-21T12:06:07.486983Z,2026-05-21T12:06:07.486983Z
Coinbase Exchange,XRP-USD,2026-05-21T12:07:05Z,231738822,buy,1.36310000,97.99044500,133.570775579500,2026-05-21T12:06:07.486983Z,2026-05-21T12:06:07.486983Z
Coinbase Exchange,XRP-USD,2026-05-21T12:07:05Z,231738821,buy,1.36310000,514.61567100,701.472621140100,2026-05-21T12:06:07.473916Z,2026-05-21T12:06:07.473916Z
Coinbase Exchange,XRP-USD,2026-05-21T12:07:05Z,231738820,buy,1.36310000,23.74609900,32.368307546900,2026-05-21T12:06:07.473916Z,2026-05-21T12:06:07.473916Z
Coinbase Exchange,XRP-USD,2026-05-21T12:07:05Z,231738819,buy,1.36310000,1.98751000,2.709174881000,2026-05-21T12:06:07.473916Z,2026-05-21T12:06:07.473916Z
Coinbase Exchange,XRP-USD,2026-05-21T12:07:05Z,231738818,buy,1.36310000,0.90000000,1.226790000000,2026-05-21T12:06:07.473916Z,2026-05-21T12:06:07.473916Z
Coinbase Exchange,XRP-USD,2026-05-21T12:07:05Z,231738817,buy,1.36320000,1317.86143300,1796.508705465600,2026-05-21T12:06:07.473916Z,2026-05-21T12:06:07.473916Z
Coinbase Exchange,XRP-USD,2026-05-21T12:07:05Z,231738816,buy,1.36320000,807.51201500,1100.800378848000,2026-05-21T12:06:07.473256Z,2026-05-21T12:06:07.473256Z
Coinbase Exchange,XRP-USD,2026-05-21T12:07:05Z,231738815,buy,1.36320000,200.00000000,272.640000000000,2026-05-21T12:06:07.473256Z,2026-05-21T12:06:07.473256Z
Coinbase Exchange,XRP-USD,2026-05-21T12:07:05Z,231738814,buy,1.36320000,366.42014100,499.503936211200,2026-05-21T12:06:07.473256Z,2026-05-21T12:06:07.473256Z
Coinbase Exchange,XRP-USD,2026-05-21T12:07:05Z,231738813,buy,1.36330000,3839.50000000,5234.390350000000,2026-05-21T12:06:07.466122Z,2026-05-21T12:06:07.466122Z
Coinbase Exchange,XRP-USD,2026-05-21T12:07:05Z,231738812,buy,1.36330000,14.50955400,19.780874968200,2026-05-21T12:06:07.466122Z,2026-05-21T12:06:07.466122Z
Coinbase Exchange,XRP-USD,2026-05-21T12:07:05Z,231738811,buy,1.36330000,31.47133700,42.904873732100,2026-05-21T12:06:07.466122Z,2026-05-21T12:06:07.466122Z
Coinbase Exchange,XRP-USD,2026-05-21T12:07:05Z,231738810,buy,1.36330000,149.99999900,204.494998636700,2026-05-21T12:06:07.466122Z,2026-05-21T12:06:07.466122Z
Coinbase Exchange,DOGE-USD,2026-05-21T12:07:05Z,170395760,sell,0.10436000,252.50000000,26.350900000000,2026-05-21T12:07:00.197370Z,2026-05-21T12:07:00.197370Z
Coinbase Exchange,DOGE-USD,2026-05-21T12:07:05Z,170395759,sell,0.10436000,485.80000000,50.698088000000,2026-05-21T12:07:00.197370Z,2026-05-21T12:07:00.197370Z
Coinbase Exchange,DOGE-USD,2026-05-21T12:07:05Z,170395758,buy,0.10436000,10.60000000,1.106216000000,2026-05-21T12:06:45.881117Z,2026-05-21T12:06:45.881117Z
Coinbase Exchange,DOGE-USD,2026-05-21T12:07:05Z,170395757,sell,0.10437000,37.00000000,3.861690000000,2026-05-21T12:06:44.634845Z,2026-05-21T12:06:44.634845Z
Coinbase Exchange,DOGE-USD,2026-05-21T12:07:05Z,170395756,sell,0.10437000,2000.00000000,208.740000000000,2026-05-21T12:06:44.634845Z,2026-05-21T12:06:44.634845Z
Coinbase Exchange,DOGE-USD,2026-05-21T12:07:05Z,170395755,sell,0.10437000,333.70000000,34.828269000000,2026-05-21T12:06:44.634845Z,2026-05-21T12:06:44.634845Z
Coinbase Exchange,DOGE-USD,2026-05-21T12:07:05Z,170395754,buy,0.10438000,10.60000000,1.106428000000,2026-05-21T12:06:39.502120Z,2026-05-21T12:06:39.502120Z
Coinbase Exchange,DOGE-USD,2026-05-21T12:07:05Z,170395753,buy,0.10439000,3.50000000,0.365365000000,2026-05-21T12:06:34.226978Z,2026-05-21T12:06:34.226978Z
Coinbase Exchange,DOGE-USD,2026-05-21T12:07:05Z,170395752,buy,0.10439000,978.80000000,102.176932000000,2026-05-21T12:05:52.541066Z,2026-05-21T12:05:52.541066Z
Coinbase Exchange,DOGE-USD,2026-05-21T12:07:05Z,170395751,buy,0.10440000,10.60000000,1.106640000000,2026-05-21T12:05:52.541066Z,2026-05-21T12:05:52.541066Z
Coinbase Exchange,DOGE-USD,2026-05-21T12:07:05Z,170395750,buy,0.10442000,10.60000000,1.106852000000,2026-05-21T12:05:52.541066Z,2026-05-21T12:05:52.541066Z
Coinbase Exchange,DOGE-USD,2026-05-21T12:07:05Z,170395749,buy,0.10444000,10.60000000,1.107064000000,2026-05-21T12:05:52.162116Z,2026-05-21T12:05:52.162116Z
Coinbase Exchange,DOGE-USD,2026-05-21T12:07:05Z,170395748,sell,0.10445000,94.80000000,9.901860000000,2026-05-21T12:05:46.757642Z,2026-05-21T12:05:46.757642Z
Coinbase Exchange,DOGE-USD,2026-05-21T12:07:05Z,170395747,sell,0.10445000,19.00000000,1.984550000000,2026-05-21T12:05:44.415003Z,2026-05-21T12:05:44.415003Z
Coinbase Exchange,DOGE-USD,2026-05-21T12:07:05Z,170395746,buy,0.10446000,10.60000000,1.107276000000,2026-05-21T12:05:27.845264Z,2026-05-21T12:05:27.845264Z
Coinbase Exchange,DOGE-USD,2026-05-21T12:07:05Z,170395745,buy,0.10448000,10.60000000,1.107488000000,2026-05-21T12:05:20.925291Z,2026-05-21T12:05:20.925291Z
Coinbase Exchange,DOGE-USD,2026-05-21T12:07:05Z,170395744,sell,0.10452000,253.10000000,26.454012000000,2026-05-21T12:04:54.792482Z,2026-05-21T12:04:54.792482Z
Coinbase Exchange,DOGE-USD,2026-05-21T12:07:05Z,170395743,sell,0.10452000,336.70000000,35.191884000000,2026-05-21T12:04:54.792482Z,2026-05-21T12:04:54.792482Z
Coinbase Exchange,DOGE-USD,2026-05-21T12:07:05Z,170395742,sell,0.10452000,9.50000000,0.992940000000,2026-05-21T12:04:39.900605Z,2026-05-21T12:04:39.900605Z
Coinbase Exchange,DOGE-USD,2026-05-21T12:07:05Z,170395741,sell,0.10452000,169.30000000,17.695236000000,2026-05-21T12:04:36.935326Z,2026-05-21T12:04:36.935326Z
Coinbase Exchange,DOGE-USD,2026-05-21T12:07:05Z,170395740,sell,0.10452000,452.10000000,47.253492000000,2026-05-21T12:04:36.935326Z,2026-05-21T12:04:36.935326Z
Coinbase Exchange,DOGE-USD,2026-05-21T12:07:05Z,170395739,sell,0.10452000,10.60000000,1.107912000000,2026-05-21T12:04:36.935326Z,2026-05-21T12:04:36.935326Z
Coinbase Exchange,DOGE-USD,2026-05-21T12:07:05Z,170395738,buy,0.10450000,97.50000000,10.188750000000,2026-05-21T12:04:28.115436Z,2026-05-21T12:04:28.115436Z
Coinbase Exchange,DOGE-USD,2026-05-21T12:07:05Z,170395737,sell,0.10449000,602.60000000,62.965674000000,2026-05-21T12:04:24.125323Z,2026-05-21T12:04:24.125323Z
Coinbase Exchange,DOGE-USD,2026-05-21T12:07:05Z,170395736,sell,0.10449000,731.90000000,76.476231000000,2026-05-21T12:04:24.125323Z,2026-05-21T12:04:24.125323Z
Coinbase Exchange,DOGE-USD,2026-05-21T12:07:05Z,170395735,buy,0.10448000,871.30000000,91.033424000000,2026-05-21T12:04:23.664597Z,2026-05-21T12:04:23.664597Z
Coinbase Exchange,DOGE-USD,2026-05-21T12:07:05Z,170395734,buy,0.10448000,50.00000000,5.224000000000,2026-05-21T12:04:22.897653Z,2026-05-21T12:04:22.897653Z
Coinbase Exchange,DOGE-USD,2026-05-21T12:07:05Z,170395733,sell,0.10449000,329.30000000,34.408557000000,2026-05-21T12:04:06.119055Z,2026-05-21T12:04:06.119055Z
Coinbase Exchange,DOGE-USD,2026-05-21T12:07:05Z,170395732,sell,0.10450000,10.60000000,1.107700000000,2026-05-21T12:04:00.830009Z,2026-05-21T12:04:00.830009Z
Coinbase Exchange,DOGE-USD,2026-05-21T12:07:05Z,170395731,sell,0.10448000,0.10000000,0.010448000000,2026-05-21T12:04:00.202978Z,2026-05-21T12:04:00.202978Z
Coinbase Exchange,DOGE-USD,2026-05-21T12:07:05Z,170395730,sell,0.10448000,135.90000000,14.198832000000,2026-05-21T12:04:00.198182Z,2026-05-21T12:04:00.198182Z
Coinbase Exchange,DOGE-USD,2026-05-21T12:07:05Z,170395729,sell,0.10448000,10.60000000,1.107488000000,2026-05-21T12:04:00.198182Z,2026-05-21T12:04:00.198182Z
Coinbase Exchange,DOGE-USD,2026-05-21T12:07:05Z,170395728,sell,0.10446000,803.00000000,83.881380000000,2026-05-21T12:04:00.107831Z,2026-05-21T12:04:00.107831Z
Coinbase Exchange,DOGE-USD,2026-05-21T12:07:05Z,170395727,sell,0.10446000,243.50000000,25.436010000000,2026-05-21T12:04:00.107831Z,2026-05-21T12:04:00.107831Z
Coinbase Exchange,DOGE-USD,2026-05-21T12:07:05Z,170395726,sell,0.10446000,2.20000000,0.229812000000,2026-05-21T12:04:00.107831Z,2026-05-21T12:04:00.107831Z
Coinbase Exchange,DOGE-USD,2026-05-21T12:07:05Z,170395725,buy,0.10443000,1285.30000000,134.223879000000,2026-05-21T12:03:47.192645Z,2026-05-21T12:03:47.192645Z
Coinbase Exchange,DOGE-USD,2026-05-21T12:07:05Z,170395724,sell,0.10446000,8.40000000,0.877464000000,2026-05-21T12:03:39.349939Z,2026-05-21T12:03:39.349939Z
Coinbase Exchange,DOGE-USD,2026-05-21T12:07:05Z,170395723,sell,0.10444000,10.60000000,1.107064000000,2026-05-21T12:03:39.349939Z,2026-05-21T12:03:39.349939Z
Coinbase Exchange,DOGE-USD,2026-05-21T12:07:05Z,170395722,sell,0.10442000,225.70000000,23.567594000000,2026-05-21T12:03:36.497275Z,2026-05-21T12:03:36.497275Z
Coinbase Exchange,DOGE-USD,2026-05-21T12:07:05Z,170395721,sell,0.10442000,10.60000000,1.106852000000,2026-05-21T12:03:36.497275Z,2026-05-21T12:03:36.497275Z
Coinbase Exchange,DOGE-USD,2026-05-21T12:07:05Z,170395720,sell,0.10441000,1071.00000000,111.823110000000,2026-05-21T12:03:29.759129Z,2026-05-21T12:03:29.759129Z
Coinbase Exchange,DOGE-USD,2026-05-21T12:07:05Z,170395719,sell,0.10441000,975.80000000,101.883278000000,2026-05-21T12:03:29.759129Z,2026-05-21T12:03:29.759129Z
Coinbase Exchange,DOGE-USD,2026-05-21T12:07:05Z,170395718,buy,0.10437000,2737.50000000,285.712875000000,2026-05-21T12:03:13.546354Z,2026-05-21T12:03:13.546354Z
Coinbase Exchange,DOGE-USD,2026-05-21T12:07:05Z,170395717,sell,0.10443000,10.60000000,1.106958000000,2026-05-21T12:02:45.582527Z,2026-05-21T12:02:45.582527Z
Coinbase Exchange,DOGE-USD,2026-05-21T12:07:05Z,170395716,sell,0.10443000,5250.00000000,548.257500000000,2026-05-21T12:02:45.582527Z,2026-05-21T12:02:45.582527Z
Coinbase Exchange,DOGE-USD,2026-05-21T12:07:05Z,170395715,sell,0.10442000,2000.00000000,208.840000000000,2026-05-21T12:02:45.582367Z,2026-05-21T12:02:45.582367Z
Coinbase Exchange,DOGE-USD,2026-05-21T12:07:05Z,170395714,sell,0.10442000,10.60000000,1.106852000000,2026-05-21T12:02:45.582367Z,2026-05-21T12:02:45.582367Z
Coinbase Exchange,DOGE-USD,2026-05-21T12:07:05Z,170395713,sell,0.10441000,8134.10000000,849.281381000000,2026-05-21T12:02:45.582367Z,2026-05-21T12:02:45.582367Z
Coinbase Exchange,DOGE-USD,2026-05-21T12:07:05Z,170395712,sell,0.10441000,10.60000000,1.106746000000,2026-05-21T12:02:45.582367Z,2026-05-21T12:02:45.582367Z
Coinbase Exchange,DOGE-USD,2026-05-21T12:07:05Z,170395711,sell,0.10440000,2000.00000000,208.800000000000,2026-05-21T12:02:45.574830Z,2026-05-21T12:02:45.574830Z
Coinbase Exchange,DOGE-USD,2026-05-21T12:07:05Z,170395710,sell,0.10440000,5250.00000000,548.100000000000,2026-05-21T12:02:45.574830Z,2026-05-21T12:02:45.574830Z
Coinbase Exchange,DOGE-USD,2026-05-21T12:07:05Z,170395709,sell,0.10440000,10.60000000,1.106640000000,2026-05-21T12:02:45.574830Z,2026-05-21T12:02:45.574830Z
Coinbase Exchange,DOGE-USD,2026-05-21T12:07:05Z,170395708,sell,0.10439000,2000.00000000,208.780000000000,2026-05-21T12:02:45.574182Z,2026-05-21T12:02:45.574182Z
Coinbase Exchange,DOGE-USD,2026-05-21T12:07:05Z,170395707,sell,0.10439000,10.60000000,1.106534000000,2026-05-21T12:02:45.574182Z,2026-05-21T12:02:45.574182Z
Coinbase Exchange,DOGE-USD,2026-05-21T12:07:05Z,170395706,sell,0.10439000,472.70000000,49.345153000000,2026-05-21T12:02:45.574182Z,2026-05-21T12:02:45.574182Z
Coinbase Exchange,DOGE-USD,2026-05-21T12:07:05Z,170395705,sell,0.10438000,921.60000000,96.196608000000,2026-05-21T12:02:45.574182Z,2026-05-21T12:02:45.574182Z
Coinbase Exchange,DOGE-USD,2026-05-21T12:07:05Z,170395704,sell,0.10438000,2.30000000,0.240074000000,2026-05-21T12:02:45.574182Z,2026-05-21T12:02:45.574182Z
Coinbase Exchange,DOGE-USD,2026-05-21T12:07:05Z,170395703,sell,0.10437000,10.60000000,1.106322000000,2026-05-21T12:02:45.574182Z,2026-05-21T12:02:45.574182Z
Coinbase Exchange,DOGE-USD,2026-05-21T12:07:05Z,170395702,sell,0.10436000,10.60000000,1.106216000000,2026-05-21T12:02:45.237059Z,2026-05-21T12:02:45.237059Z
Coinbase Exchange,DOGE-USD,2026-05-21T12:07:05Z,170395701,sell,0.10434000,1428.00000000,148.997520000000,2026-05-21T12:02:44.119980Z,2026-05-21T12:02:44.119980Z
Coinbase Exchange,DOGE-USD,2026-05-21T12:07:05Z,170395700,sell,0.10434000,300.90000000,31.395906000000,2026-05-21T12:02:44.119980Z,2026-05-21T12:02:44.119980Z
Coinbase Exchange,DOGE-USD,2026-05-21T12:07:05Z,170395699,sell,0.10434000,10.60000000,1.106004000000,2026-05-21T12:02:44.119980Z,2026-05-21T12:02:44.119980Z
Coinbase Exchange,DOGE-USD,2026-05-21T12:07:05Z,170395698,sell,0.10432000,10.60000000,1.105792000000,2026-05-21T12:02:26.014529Z,2026-05-21T12:02:26.014529Z
Coinbase Exchange,DOGE-USD,2026-05-21T12:07:05Z,170395697,sell,0.10427000,52.00000000,5.422040000000,2026-05-21T12:02:02.214152Z,2026-05-21T12:02:02.214152Z
Coinbase Exchange,DOGE-USD,2026-05-21T12:07:05Z,170395696,buy,0.10427000,10.60000000,1.105262000000,2026-05-21T12:01:56.461864Z,2026-05-21T12:01:56.461864Z
Coinbase Exchange,DOGE-USD,2026-05-21T12:07:05Z,170395695,buy,0.10428000,10.60000000,1.105368000000,2026-05-21T12:01:49.835234Z,2026-05-21T12:01:49.835234Z
Coinbase Exchange,DOGE-USD,2026-05-21T12:07:05Z,170395694,buy,0.10429000,10.60000000,1.105474000000,2026-05-21T12:01:49.349806Z,2026-05-21T12:01:49.349806Z
Coinbase Exchange,DOGE-USD,2026-05-21T12:07:05Z,170395693,buy,0.10430000,10.60000000,1.105580000000,2026-05-21T12:01:48.774597Z,2026-05-21T12:01:48.774597Z
Coinbase Exchange,DOGE-USD,2026-05-21T12:07:05Z,170395692,sell,0.10431000,355.20000000,37.050912000000,2026-05-21T12:01:44.034374Z,2026-05-21T12:01:44.034374Z
Coinbase Exchange,DOGE-USD,2026-05-21T12:07:05Z,170395691,sell,0.10431000,237.30000000,24.752763000000,2026-05-21T12:01:39.209314Z,2026-05-21T12:01:39.209314Z
Coinbase Exchange,DOGE-USD,2026-05-21T12:07:05Z,170395690,sell,0.10433000,4544.40000000,474.117252000000,2026-05-21T12:01:30.342452Z,2026-05-21T12:01:30.342452Z
Coinbase Exchange,DOGE-USD,2026-05-21T12:07:05Z,170395689,buy,0.10430000,74.20000000,7.739060000000,2026-05-21T12:01:24.122653Z,2026-05-21T12:01:24.122653Z
Coinbase Exchange,DOGE-USD,2026-05-21T12:07:05Z,170395688,buy,0.10431000,10.60000000,1.105686000000,2026-05-21T12:01:24.122653Z,2026-05-21T12:01:24.122653Z
Coinbase Exchange,DOGE-USD,2026-05-21T12:07:05Z,170395687,buy,0.10432000,10.60000000,1.105792000000,2026-05-21T12:01:24.122653Z,2026-05-21T12:01:24.122653Z
Coinbase Exchange,DOGE-USD,2026-05-21T12:07:05Z,170395686,buy,0.10433000,10.60000000,1.105898000000,2026-05-21T12:01:24.122653Z,2026-05-21T12:01:24.122653Z
Coinbase Exchange,DOGE-USD,2026-05-21T12:07:05Z,170395685,sell,0.10436000,92.50000000,9.653300000000,2026-05-21T12:00:36.832298Z,2026-05-21T12:00:36.832298Z
Coinbase Exchange,DOGE-USD,2026-05-21T12:07:05Z,170395684,sell,0.10438000,8.30000000,0.866354000000,2026-05-21T12:00:17.266976Z,2026-05-21T12:00:17.266976Z
Coinbase Exchange,DOGE-USD,2026-05-21T12:07:05Z,170395683,sell,0.10436000,10.60000000,1.106216000000,2026-05-21T12:00:17.266976Z,2026-05-21T12:00:17.266976Z
Coinbase Exchange,DOGE-USD,2026-05-21T12:07:05Z,170395682,sell,0.10434000,10.60000000,1.106004000000,2026-05-21T12:00:15.682455Z,2026-05-21T12:00:15.682455Z
Coinbase Exchange,DOGE-USD,2026-05-21T12:07:05Z,170395681,sell,0.10433000,10.60000000,1.105898000000,2026-05-21T12:00:14.753634Z,2026-05-21T12:00:14.753634Z
Coinbase Exchange,DOGE-USD,2026-05-21T12:07:05Z,170395680,sell,0.10432000,10.60000000,1.105792000000,2026-05-21T12:00:14.272522Z,2026-05-21T12:00:14.272522Z
Coinbase Exchange,DOGE-USD,2026-05-21T12:07:05Z,170395679,sell,0.10431000,10.60000000,1.105686000000,2026-05-21T12:00:14.214182Z,2026-05-21T12:00:14.214182Z
Coinbase Exchange,DOGE-USD,2026-05-21T12:07:05Z,170395678,sell,0.10430000,10.60000000,1.105580000000,2026-05-21T12:00:06.056561Z,2026-05-21T12:00:06.056561Z
Coinbase Exchange,DOGE-USD,2026-05-21T12:07:05Z,170395677,sell,0.10429000,31.00000000,3.232990000000,2026-05-21T12:00:06.029903Z,2026-05-21T12:00:06.029903Z
Coinbase Exchange,DOGE-USD,2026-05-21T12:07:05Z,170395676,sell,0.10429000,10.60000000,1.105474000000,2026-05-21T12:00:06.029903Z,2026-05-21T12:00:06.029903Z
Coinbase Exchange,DOGE-USD,2026-05-21T12:07:05Z,170395675,sell,0.10428000,10.60000000,1.105368000000,2026-05-21T12:00:05.269832Z,2026-05-21T12:00:05.269832Z
Coinbase Exchange,DOGE-USD,2026-05-21T12:07:05Z,170395674,sell,0.10427000,10.60000000,1.105262000000,2026-05-21T12:00:05.029202Z,2026-05-21T12:00:05.029202Z
Coinbase Exchange,DOGE-USD,2026-05-21T12:07:05Z,170395673,sell,0.10426000,10.60000000,1.105156000000,2026-05-21T12:00:03.625777Z,2026-05-21T12:00:03.625777Z
Coinbase Exchange,DOGE-USD,2026-05-21T12:07:05Z,170395672,sell,0.10425000,10.60000000,1.105050000000,2026-05-21T12:00:01.710759Z,2026-05-21T12:00:01.710759Z
Coinbase Exchange,DOGE-USD,2026-05-21T12:07:05Z,170395671,sell,0.10424000,10.60000000,1.104944000000,2026-05-21T12:00:00.669576Z,2026-05-21T12:00:00.669576Z
Coinbase Exchange,DOGE-USD,2026-05-21T12:07:05Z,170395670,sell,0.10421000,572.90000000,59.701909000000,2026-05-21T12:00:00.124770Z,2026-05-21T12:00:00.124770Z
Coinbase Exchange,DOGE-USD,2026-05-21T12:07:05Z,170395669,buy,0.10419000,44.90000000,4.678131000000,2026-05-21T11:59:31.842463Z,2026-05-21T11:59:31.842463Z
Coinbase Exchange,DOGE-USD,2026-05-21T12:07:05Z,170395668,buy,0.10419000,10.60000000,1.104414000000,2026-05-21T11:59:31.842463Z,2026-05-21T11:59:31.842463Z
Coinbase Exchange,DOGE-USD,2026-05-21T12:07:05Z,170395667,sell,0.10419000,333.70000000,34.768203000000,2026-05-21T11:59:09.156293Z,2026-05-21T11:59:09.156293Z
Coinbase Exchange,DOGE-USD,2026-05-21T12:07:05Z,170395666,sell,0.10419000,5250.00000000,546.997500000000,2026-05-21T11:59:09.156293Z,2026-05-21T11:59:09.156293Z
Coinbase Exchange,DOGE-USD,2026-05-21T12:07:05Z,170395665,buy,0.10419000,2500.00000000,260.475000000000,2026-05-21T11:59:09.055872Z,2026-05-21T11:59:09.055872Z
Coinbase Exchange,DOGE-USD,2026-05-21T12:07:05Z,170395664,buy,0.10419000,5000.00000000,520.950000000000,2026-05-21T11:59:09.055872Z,2026-05-21T11:59:09.055872Z
Coinbase Exchange,DOGE-USD,2026-05-21T12:07:05Z,170395663,buy,0.10419000,10000.00000000,1041.900000000000,2026-05-21T11:59:09.055872Z,2026-05-21T11:59:09.055872Z
Coinbase Exchange,DOGE-USD,2026-05-21T12:07:05Z,170395662,buy,0.10419000,632.80000000,65.931432000000,2026-05-21T11:59:09.055872Z,2026-05-21T11:59:09.055872Z
Coinbase Exchange,DOGE-USD,2026-05-21T12:07:05Z,170395661,buy,0.10419000,4053.00000000,422.282070000000,2026-05-21T11:59:09.055872Z,2026-05-21T11:59:09.055872Z
